driverId,name,ssn,location,certified,wage-plan
10,Sydney Chang,197-35-5467,"424 Mcdowell Spring Suite 095
Ellisonport, WI 12324",Y,miles
11,Joshua Jones,848-72-0443,"967 Green Mall Suite 438
Scotthaven, VI 82985",Y,miles
12,Morgan Johnson,625-38-6156,"43630 Sharon Mall
New Anneside, NY 51336",N,miles
13,Gregory Fernandez,359-05-8317,"USS Jackson
FPO AA 59274",Y,miles
14,Jasmine Wilson,546-75-6655,"701 Williams Curve Suite 669
New Davidside, LA 72137",Y,miles
15,Amanda Moran,801-14-2136,"30848 Vanessa Meadow Apt. 907
Toddview, AL 35833",Y,hours
16,Ashley Singh,256-96-3416,"448 Michael Green Apt. 546
Melissaville, CA 51890",N,miles
17,Andrea Vaughan,713-23-7344,"5477 Jamie Heights
Johnfurt, WV 58742",Y,hours
18,Patricia Bishop,158-51-7346,"86989 Ethan Lane Apt. 238
Annaport, KS 23521",N,hours
19,Kenneth Salinas,643-72-4328,"9843 Alexis Expressway
Morrowton, DE 43863",Y,miles
20,James Brown,214-33-0177,"29142 Wilcox Crest Suite 462
Mcgrathfort, NY 34885",N,hours
21,Lori Graham,862-29-3246,"4548 Torres Heights
East Dustin, DC 94143",Y,hours
22,Angela Santana,403-50-4268,"6686 Hall Camp Suite 919
Kevinborough, AS 68759",N,hours
23,Adam Meza,009-45-3398,"52791 Seth Flat Apt. 403
Duncanshire, KY 76742",Y,miles
24,Lisa Bauer,289-05-3731,"Unit 5243 Box 2876
DPO AA 01229",N,hours
25,Nancy Ramirez,743-83-8052,"3439 Jennifer Corners Suite 136
Port Jose, CT 75899",Y,hours
26,Linda Morris,678-89-9389,"USNS Williams
FPO AE 24035",N,hours
27,Brian Daugherty,082-34-3220,"0864 Doyle Club
Fordtown, AR 28067",N,miles
28,Amber Young,129-87-1015,"Unit 2506 Box 1325
DPO AP 33376",N,hours
29,Jerry Vega,233-18-6733,"0296 Marissa Crescent Apt. 352
Morrisville, OH 26195",Y,hours
30,Mary Knight,811-34-1450,"95201 Joyce Curve
North Alexanderland, HI 06984",Y,hours
31,Valerie Campbell,035-61-6538,"8011 Donna Fields Apt. 327
Port Jamesburgh, VT 58627",Y,miles
32,Elizabeth Mays,586-69-0310,"42469 Joseph Divide Apt. 419
East Alexandra, IL 62191",Y,hours
33,Paul Gibson,643-31-6213,"07956 Sean Bridge
Russomouth, ID 78365",Y,miles
34,Daniel Warren,393-90-7210,"USNV Huynh
FPO AP 82006",Y,miles
35,Hailey Wilson,522-28-3160,"891 Elizabeth Circles Suite 860
West Meaganshire, TX 98062",Y,hours
36,Katherine Henry,602-79-8238,"017 Steve Bridge Apt. 830
Thomasfort, MH 42524",Y,hours
37,Rhonda King,639-05-1150,"7389 Robert Trafficway
North Adammouth, PR 82098",Y,hours
38,Lauren Nguyen,445-48-3344,"140 Kristin Tunnel Apt. 508
Nathanville, CO 28941",Y,miles
39,Laura Ward,581-06-8780,"3076 Luna Square
Sullivanside, PW 03237",N,hours
40,Krystal Diaz,051-03-9213,"37819 Walton Square Apt. 090
Hallfort, GA 97801",Y,hours
41,James Hoover,295-18-7724,"1268 Robinson Parkways Suite 289
North Zacharyport, CT 36864",N,miles
42,Darrell Perez,882-79-7495,"94279 Jenna Creek
North Jaredhaven, AS 57464",N,hours
43,Rachel Pena,679-25-5488,"275 Bates Meadows Apt. 046
Bakerberg, WV 08897",Y,miles
44,John Short,702-16-2543,"12885 Christopher Estate
Staffordfort, FL 53555",Y,miles
45,Jennifer Jordan,098-62-9602,"423 Walsh Locks
South Justin, MI 07391",Y,miles
46,Miguel Martin,195-95-2076,"57718 Johnson Vista
North Wendyhaven, NE 98796",N,hours
47,Joshua Harrell,437-62-8819,"690 Steven Radial Apt. 780
South Tammie, MS 79070",Y,miles
48,Jose Moore PhD,252-91-9531,"15542 Natalie Coves Apt. 847
Jacksonhaven, CO 21212",N,miles
49,Maurice Reeves,550-64-6946,"99989 Francisco Place Apt. 674
Collinshaven, OK 43179",Y,hours
50,Regina Wright,305-23-5097,"19546 Thompson Place Suite 452
South Jessica, ND 53040",N,miles
51,Karl Thomas,099-35-2538,"PSC 7620, Box 4376
APO AA 02464",Y,hours
52,William Simmons,165-88-4607,"9670 Roberts Trail
Jacobhaven, AZ 50800",Y,hours
53,Andrew Garcia MD,004-97-2123,"875 Beck Via
Stacieborough, MP 95541",Y,hours
54,Angela Ramirez,202-48-2028,"9599 Morse Avenue
Tinaborough, MN 80057",Y,hours
55,Robert Cortez,738-88-0759,"USCGC Hernandez
FPO AA 31274",N,miles
56,Sharon Robles,364-67-3761,"24915 Michele Trail
Sarahfurt, CA 15840",N,hours
57,Laura Davidson,075-15-8623,"0590 Mooney Crescent
Kendrabury, NM 76056",Y,hours
58,Paul Alexander,139-64-5285,"PSC 9292, Box 0990
APO AA 32457",N,miles
59,Christopher Duncan,614-75-6727,"812 Williams Meadows
Martinmouth, MT 44694",N,hours
60,Kristen Rivera DDS,629-52-5338,"597 Grant Park Apt. 016
South Troy, NM 97640",Y,miles
61,Ashley Huang,025-89-9203,"2595 Brooke Brook Apt. 129
Hernandezport, ND 85893",Y,miles
62,Steven Johnson,594-03-9723,"095 Dunn Inlet Apt. 525
Reillyborough, NJ 32402",Y,miles
63,Allen Pratt,427-09-5978,"20162 Jared Place
Ricebury, CO 96377",N,hours
64,Penny Walsh,340-51-1386,"7389 Stephen Gardens
Thomasport, WY 36827",Y,miles
65,Angela Anderson,752-60-5509,"0857 Andre Meadow Apt. 552
Traceyborough, VA 32457",N,hours
66,Susan Gross,355-86-7914,"06297 Burns Shoal
Markchester, MO 88404",N,hours
67,Jason Goodwin,657-58-5801,"072 Anne Fall Suite 738
Bradleyshire, CT 74348",N,miles
68,Lisa Wright,686-34-4527,"890 Daniel Ridge Suite 969
East Jared, MA 04784",Y,hours
69,William Wagner,360-98-0609,"265 Russell Mills
Graceport, MN 42792",N,hours
70,Terry King,500-03-3628,"54516 Avery Stream Suite 803
Westton, AR 02945",Y,hours
71,Emily Guzman,268-86-3182,"34297 Lisa Corner
Benjaminville, AZ 54216",Y,hours
72,William Collins MD,430-79-3274,"88190 Jonathan Dam Suite 217
North Christopherton, SC 40570",N,miles
73,Karen Martinez,876-11-1537,"859 Williams Point
New Maryborough, WA 70950",Y,hours
74,Kevin Hoffman,375-10-1148,"10210 Kim Mill
Port Taylorhaven, NH 34912",N,hours
75,Joshua Mcpherson,413-86-9566,"4788 Jaime Extensions
Pruitttown, CA 17263",N,miles
76,Tracey Gonzalez,474-89-9510,"236 David Estate
Megantown, AL 43995",Y,hours
77,Stephanie Jones,135-94-9822,"427 Paul Spur
South Sarah, ME 68023",N,hours
78,Matthew Torres,696-83-2099,"81235 Corey Bypass Suite 447
East Sandra, PA 88729",N,hours
79,Leah Smith,272-60-6130,"022 Gabriela Parkway
West Jeremyport, WI 09575",N,hours
80,Nicole Rose,420-88-1571,"27799 Gallagher Mount
North John, IN 19793",Y,miles
81,Dana Soto,584-09-3344,"99318 Terri Run Apt. 477
Kristenshire, AZ 98111",N,hours
82,Edward Lester,297-37-6809,"18503 Johnson Ranch
Millertown, KY 19671",Y,hours
83,Sharon Camacho,451-62-4587,"5732 Hoffman Throughway Apt. 211
Andersonport, IA 33637",Y,miles
84,Lisa Wilson,009-75-1772,"PSC 5175, Box 2457
APO AA 74195",Y,miles
85,Samuel Williams,038-69-7039,"6608 Reginald Lock
West Sandy, AK 86604",Y,miles
86,Raymond Fields,786-08-4426,"33323 Aaron Stravenue
Chrisview, MS 43308",Y,miles
87,Curtis Le,397-96-4763,"417 Freeman Plaza
West Nicolestad, NC 06209",N,miles
88,Gary Wood,511-80-0801,"6681 Pollard Shore
Christopherburgh, VI 27869",N,hours
89,Caitlin Davis,007-34-6119,"67866 Noah Mission
New Bob, NV 87850",N,miles
90,Susan Peters,590-21-9891,"74789 Veronica Heights Suite 042
Christopherberg, AK 13287",N,hours
91,Sharon Mccann,746-33-5289,"Unit 4629 Box 9298
DPO AA 77996",N,miles
92,Aaron Howell,881-31-5914,"4407 Palmer Summit Suite 639
Aprilmouth, DE 08144",N,hours
93,Kendra Nguyen,062-81-9144,"491 Mary Motorway
South Oscarhaven, MI 44120",Y,hours
94,Samuel Berry,806-63-7173,"9187 Nicole Green Apt. 168
East Ricardoville, FL 30270",N,hours
95,Matthew Morgan,024-05-8574,"147 Anna Mission Apt. 112
Kathyside, MH 90408",Y,miles
96,Ashley Phillips,807-50-8607,"USNS Moore
FPO AP 35816",Y,hours
97,Jonathan Mcpherson,361-91-3286,"9817 Johnson Orchard
Joannaview, SC 59043",N,miles
98,Pamela Holmes,710-35-6645,"20473 Kim Landing
Chandlerfurt, SD 64197",Y,hours
99,Amy Anderson,533-21-3783,"4364 Davis Forges Suite 759
Port Tina, FM 20238",N,hours
100,Carrie Simmons,324-38-4806,"Unit 6722 Box 4335
DPO AP 94337",Y,hours
101,Rachel Morris,113-17-5549,"988 Chan Plaza
Meghanchester, LA 68699",Y,hours
102,Kimberly Mcconnell,516-37-2927,"0360 Tyler Plains Apt. 729
North Lisatown, FL 90245",Y,hours
103,Dustin Jones,264-55-6445,"4493 Brown Pine Apt. 708
Teresaside, WA 98342",N,hours
104,Amber Williamson,427-52-0323,"209 Zimmerman Parkway
Cartertown, PR 15188",N,hours
105,Jessica Bailey,002-26-4677,"106 Taylor Crossing
Williamsburgh, MN 66919",N,hours
106,Michael Rodriguez,586-35-0304,"9336 Lee Gardens
Pearsonshire, ME 32541",N,miles
107,Jerry Rivera,493-84-3154,"846 Kelley Track Apt. 470
Parrishland, VT 81866",Y,hours
108,Erin Garrett,537-50-9850,"75045 Vaughan Crossing
Freemanton, TN 36191",Y,miles
109,Brian Massey,780-93-0924,"74418 Christina Hills Suite 378
South Sean, WV 67186",Y,hours
110,Allison Marshall,026-79-5652,"966 Benjamin Drive
Martineztown, AK 67835",N,miles
111,Michael Henson MD,818-99-7239,"39019 Mcguire Extension
West Sandraland, KS 36922",N,hours
112,Maria Miller,628-53-8348,"4903 Lopez Inlet
South Victoriabury, DC 74117",N,hours
113,Cynthia Campbell,899-96-7353,"374 Jennifer Manor
Lake Whitney, GU 55717",Y,hours
114,Misty Green,187-77-1913,"7034 Samuel Greens Apt. 042
Meyerstad, MO 84818",Y,miles
115,Johnny Boyd,876-34-2210,"82663 Henry Harbor Apt. 761
Millerberg, MS 32047",Y,miles
116,Martha Johnson,297-46-8541,"388 Parker Stream
Sarahbury, ME 05280",Y,miles
117,Brent Myers,236-63-5524,"8689 Dennis Freeway Suite 576
Samanthaburgh, MP 88722",Y,hours
118,Dustin Burns,480-71-3245,"832 Chase Points
East Danielle, KY 60145",N,hours
119,Paul Fuller,093-18-1252,"09629 Jonathan Harbors Apt. 264
North Diana, GU 36757",N,hours
120,Patricia Mcdaniel,714-44-6423,"4171 Pittman Valleys
Petersville, NM 46614",Y,miles
121,Madison Mathis,128-62-9961,"948 Byrd Viaduct Apt. 581
South David, NM 31974",Y,hours
122,Joshua Hanson,822-90-0652,"0503 Charles Walk
New Stacyville, WA 25349",N,hours
123,William Atkins,613-25-3514,"52994 Huynh Unions Apt. 415
North Louis, AS 41195",Y,hours
124,Matthew Davis,204-50-5823,"550 Edward Shoals
Millsville, NC 62487",Y,miles
125,Mark Dickerson,476-82-8029,"808 Wells Mall Suite 909
Scottborough, GA 31875",N,hours
126,William Maxwell,242-31-3995,"559 Patricia Wells Suite 825
Taylorside, NM 71552",Y,miles
127,Annette Henson,459-99-7452,"089 Kennedy Trace
Harrisonfort, WV 94421",Y,miles
128,Hannah Lucas,771-28-2060,"2827 Catherine Street Suite 391
Lake Todd, LA 94082",N,miles
129,Nathaniel Maxwell,305-25-3985,"18561 Renee Crescent
Port Jessica, UT 97919",Y,hours
130,Christopher Jenkins II,514-55-7717,"PSC 0580, Box 4925
APO AP 72516",N,hours
131,Sara Woodard,670-17-4702,"8546 Lynn Union Suite 178
Troyland, VT 65958",Y,hours
132,Anthony Holland,411-49-2003,"35901 Smith Street
New Christina, AR 87758",Y,miles
133,Mike Lloyd,775-25-3981,"340 Stephanie Gateway
Jillton, CT 95171",Y,hours
134,James Farley,514-74-9137,"PSC 8145, Box 6001
APO AP 68502",N,hours
135,Travis Walton,152-30-0534,"14273 Maldonado Station
Annahaven, SC 45442",N,hours
136,Patricia Simpson,624-65-1560,"PSC 6050, Box 0852
APO AE 34360",Y,miles
137,Bradley Hendrix,189-80-1266,"702 Ward Fords Suite 960
Carrburgh, DE 03259",N,hours
138,Matthew Thompson,265-74-9904,"89908 Meza Ports
Kellyfort, NH 46278",N,hours
139,Sara Zavala,064-60-7066,"494 Leah Roads
West Shaneborough, KS 39251",N,hours
140,James Rios,587-04-0855,"45838 Stacy Villages Apt. 559
Danielleshire, CT 74648",N,hours
141,Regina Walker,627-05-3112,"3591 Miller Cliff Apt. 608
New Juan, GU 77966",Y,hours
142,Brady Miller,529-53-8725,"6981 Marshall Cliffs Apt. 716
Lake Matthewfort, ID 13460",N,miles
143,James Baker,631-22-0642,"2410 Michelle Rue
Vincentton, KY 13273",N,hours
144,Derek Walker,147-29-5835,"38835 Tracy Parks
East Rachael, GA 55084",N,miles
145,Mrs. Samantha Simpson DVM,500-33-4707,"1263 Erik Bridge
Michellechester, PW 93205",N,hours
146,Joanna Smith,088-86-2787,"59646 Robertson Trail Apt. 549
Jenniferfort, WV 48905",N,miles
147,Tammy Robinson,350-61-4370,"50004 Lisa Mountains Suite 703
Mayfurt, WY 44865",N,miles
148,Tracey Arroyo,459-02-3119,"646 Kevin Street Apt. 575
Gallowaystad, AR 57900",Y,hours
149,Tracy Crawford,290-48-2680,"Unit 4638 Box 0929
DPO AE 41200",Y,miles
150,Jason Howard,696-56-6692,"098 Meyers Ridge Apt. 170
Lake Jenniferfort, MS 76607",N,miles
151,Richard Bradley,538-35-1772,"4060 Ferguson View
West Dustinville, OK 31201",N,miles
152,Travis Hendrix,868-01-3811,"97583 Walker Squares Suite 578
Bautistastad, AL 78938",Y,miles
153,John Reid,350-10-5696,"15330 Barajas Cliff Suite 669
Johnsonburgh, AR 03569",Y,miles
154,Andrew Rodriguez,145-85-6883,"200 Rowe Overpass Suite 737
Woodwardport, MP 94483",N,miles
155,Tony Peters,359-66-6125,"128 Garcia Grove Suite 652
West Danafurt, SD 47492",Y,hours
156,Janice Walker,590-88-0885,"1991 Sanchez Islands Suite 161
Nathanview, OK 07494",N,hours
157,Mr. Aaron Owen,012-74-9406,"622 Tamara Keys Apt. 531
Garciamouth, WA 32332",N,miles
158,Denise Gamble,594-06-2316,"9865 Miller Parkway Apt. 686
Maryport, OK 71503",Y,miles
159,Jon Kane,252-61-1932,"32477 Eric Orchard Apt. 990
Gomezborough, GU 24930",N,miles
160,Tracy Sharp DVM,286-03-5543,"47534 West Track Suite 233
Victortown, WY 86642",Y,miles
161,Anthony Fuentes,495-61-8650,"0500 Karen Mountains
Elizabethmouth, IN 90176",N,hours
162,Timothy Garrett,879-95-7815,"416 Wright Motorway Suite 716
Hawkinston, ND 36418",Y,hours
163,Lisa Cummings,162-66-5295,"2400 Shaun Fords Apt. 147
New Heatherburgh, MD 23485",Y,hours
164,James Taylor,899-72-5159,"Unit 5528 Box 9300
DPO AA 38774",N,miles
165,Cindy Ward,600-75-7998,"300 Nicole Rapids
East Rhonda, IA 69352",N,miles
166,Charles Jones,658-31-0895,"6488 Michael Tunnel Apt. 461
Crystalton, FM 22111",Y,miles
167,Tammie Huff,898-63-5024,"844 Roberts Lake Suite 817
Lauraborough, VT 46256",Y,miles
168,Angela Smith,685-82-9254,"2157 Gary Brook
Moniqueburgh, MD 05807",Y,hours
169,Leslie Stuart,132-66-9621,"60959 Marcus Park Apt. 735
Lawrencechester, IA 03166",Y,hours
170,Mrs. Sharon Gomez DDS,388-95-1617,"233 Kyle Streets
Matthewbury, AK 76030",Y,miles
171,Michelle Sanders,855-02-7763,"22968 Theresa Junction Suite 147
West Daniel, NH 08543",N,hours
172,Jerry Arnold,764-30-4905,"00738 Bailey Point
Amytown, MT 87429",N,hours
173,Michelle Stafford,022-46-8879,"6745 Kelley Valley Suite 552
Bakerbury, ME 83929",Y,hours
174,Adam Cook,313-49-7591,"7970 Stewart Summit
Emilybury, IL 36649",Y,miles
175,Cody Meyer,303-34-3104,"11439 Martin Terrace
Marktown, ID 52816",Y,hours
176,David Garcia,159-11-4876,"27235 Travis Crescent Suite 696
East Kari, MO 03573",Y,hours
177,Bryan Smith,661-30-7438,"0387 Mary Extension
Haleyborough, PA 55996",N,miles
178,Jason Singh,086-02-0465,"18344 Sharp Station
Marcburgh, NJ 11382",N,miles
179,Robert Brown,667-91-4679,"704 Craig Dam Apt. 839
Woodsfort, DC 75819",Y,miles
180,Jennifer Obrien,775-61-5832,"643 Paul Manors
Jeffreyville, DE 82863",Y,hours
181,Glenn Hanna,317-43-2937,"PSC 9671, Box 6867
APO AE 59836",Y,hours
182,Eileen Stewart,131-63-7827,"89523 Davidson Extensions
West Emily, IN 83210",N,miles
183,Sierra Mcclain,165-75-7341,"6753 Huber Landing
Jonesburgh, AL 21222",Y,hours
184,Amanda White,431-64-6277,"19128 Joseph Mountain
Hendrixbury, CA 66007",N,hours
185,James Chavez,717-49-1894,"200 Griffin Station
Shelbymouth, WV 41133",N,hours
186,Ann Roberts,832-04-6614,"580 Daniel Port
New Georgefort, MA 18520",Y,miles
187,Justin Bennett,435-93-4250,"7014 Susan Ferry
North Michelle, VI 69649",Y,hours
188,Brett Turner,028-14-4539,"8868 Rice Garden
Marcusbury, CA 48481",Y,hours
189,Mark Blackwell,851-27-8724,"967 Smith Village Apt. 391
Melissaborough, MO 83481",N,hours
190,Brandon Odonnell,210-99-9166,"31974 Daniel Course Apt. 085
Reyeschester, NC 27148",N,hours
191,Rebecca Munoz,772-35-0115,"38188 Marvin Villages
Meyermouth, PW 20349",Y,miles
192,Christopher Mason,314-12-8607,"Unit 5322 Box 1755
DPO AE 00826",N,miles
193,Sherry Hudson,023-24-6904,"87153 Campbell Rue
Tylershire, NH 27670",N,hours
194,Jacqueline Rivera,477-84-8789,"4755 Mcbride Forest Suite 261
Christinabury, MI 01578",N,hours
195,Dennis Evans,646-26-4938,"3184 Scott Turnpike Suite 454
Vasquezmouth, OR 21009",Y,miles
196,Emily Thompson,883-91-6160,"575 Shannon Gateway Suite 025
Garzamouth, WI 83084",Y,miles
197,Andrew Graves,802-59-9454,"2368 Janet Plaza
North Robertchester, FL 44013",Y,miles
198,Eric Carpenter,527-48-9422,"885 Lucas Vista
Michaelshire, WY 10548",Y,hours
199,Sean Bullock,028-69-1654,"65739 Whitney Mountains
Lake Rebecca, AL 32566",N,miles
200,Thomas Webb,144-35-7786,"96738 Nicholas Neck
Edwinborough, UT 23470",Y,hours
201,Andrew Sanchez,516-37-5092,"94164 Joseph Rest Suite 724
Lake Christophermouth, PA 64984",N,miles
202,Edward Bush,159-05-3549,"366 Lynn Lake Apt. 103
West Cynthia, IA 71122",Y,hours
203,Jessica Ford,417-01-6795,"89379 Love Lakes
New Rhondamouth, CT 50865",N,miles
204,John Ruiz,541-89-3060,"9383 Freeman Points
Port Paulchester, VT 31307",N,hours
205,Lisa Price,523-63-8462,"46838 Edwards Ports
New Donaldfurt, ND 33021",Y,miles
206,Patricia Warren,649-48-6819,"14022 Anne Mount
Christineton, MN 13382",N,miles
207,Leah Sanders,708-48-5745,"Unit 8962 Box 5574
DPO AA 72458",Y,miles
208,James Silva,045-50-1940,"551 Miller Viaduct
Port Danielleton, WV 30471",Y,hours
209,Brenda Cooper,777-70-3557,"41818 Michael Common
Michaelport, WA 66249",Y,miles
210,Sheila Copeland DDS,541-53-6362,"335 Spence Track
Lopezburgh, SD 32819",N,miles
211,William Madden,700-96-5236,"96324 Wilson Islands
Jenniferland, SC 31485",N,miles
212,Thomas Young,549-22-1328,"7315 Megan Course
Port Bonnie, MP 91133",Y,hours
213,Jennifer Fitzgerald,425-96-9599,"58218 Darren Islands Apt. 164
West Teresa, MD 75880",Y,miles
214,Katherine Wright,104-58-2283,"190 Evans Estates Suite 379
West Claudiaberg, MA 91729",Y,miles
215,William Cuevas DDS,434-76-6450,"Unit 6491 Box 3937
DPO AP 29531",Y,miles
216,Nicholas Nichols,886-67-7245,"6332 Tina Island Suite 562
New Angela, MI 96995",Y,hours
217,Martin Hart,721-26-3534,"5627 Perez Isle Suite 304
North Ashley, HI 44249",N,hours
218,Sarah Bryant,692-99-3537,"USS Hicks
FPO AE 88707",N,hours
219,Erik Castaneda,170-96-0472,"9054 Vargas Mount
East Thomas, PW 78528",N,hours
220,Kenneth Carson,768-44-8516,"83750 Reynolds Circle Apt. 226
South James, MH 92141",N,miles
221,Kathy Maldonado,295-99-4179,"USCGC Mcguire
FPO AE 23230",N,hours
222,Lori Cannon,127-79-2005,"Unit 3942 Box 8010
DPO AA 50213",N,miles
223,Anthony Williamson,586-19-9255,"6001 Salazar Circle Apt. 482
Lake Amy, WI 08380",Y,miles
224,Christopher Rodriguez,062-39-5904,"PSC 6212, Box 6806
APO AE 57992",N,miles
225,Julie Raymond MD,160-86-1719,"88507 Linda Run Apt. 086
West Stephaniemouth, GA 34574",Y,hours
226,Scott Ferrell,181-17-3334,"7589 Jose Mountains Suite 081
Michaelchester, AK 97449",N,hours
227,Mark Doyle,869-08-4355,"61192 Jennifer Creek
Robertton, WA 25268",Y,hours
228,Ronald Villarreal,655-09-3257,"5539 Bradley Fort
Simpsonburgh, LA 25641",N,hours
229,Ricky Ayers,194-28-3666,"2516 Danielle Cliff Apt. 735
North Michelle, MN 39710",Y,miles
230,Sharon Stanley,271-68-7689,"441 Jennifer Trace Suite 829
New Michaelchester, AR 40948",Y,hours
231,Jennifer Williams,538-63-1644,"PSC 9883, Box 9365
APO AE 59593",N,hours
232,Joseph Garza,354-47-7618,"9403 May Inlet
Hillshire, MT 44811",Y,miles
233,Christian Butler,309-30-1601,"265 David Terrace Suite 710
Ashleyfurt, AR 10171",N,hours
234,Kenneth Robinson,516-45-6804,"43748 Norman Greens Suite 939
North Mario, VI 88745",Y,hours
235,Amanda Lewis,876-50-7548,"553 Mcdonald Pike Suite 571
Hudsonberg, ME 86400",Y,miles
236,Rodney Morrow,315-82-6142,"09022 Harper Islands
Colleenberg, VA 92282",N,hours
237,Lynn Hill,593-45-3006,"1124 Breanna Pass Suite 229
West Kari, TX 70506",N,hours
238,Amber Barker,772-31-5652,"0760 Perez Unions Suite 134
South Michellefort, ME 17934",Y,hours
239,James Williamson,020-23-4998,"928 Reynolds Trace
North Christine, ND 98408",Y,hours
240,Angela Zhang,832-37-2670,"Unit 3359 Box 5331
DPO AA 69562",Y,hours
241,Cynthia Shields,388-73-7370,"0656 Randall Summit
North Dennisfurt, NY 68774",N,miles
242,Darren Martinez,005-49-3983,"060 Tucker Ports Apt. 679
Connorton, ND 52011",N,hours
243,Lisa Maldonado,813-25-2302,"9654 Frank Vista
Whiteport, MO 62356",Y,hours
244,Jeff Anderson,183-98-1124,"084 Rose Expressway Apt. 079
Port Brettborough, OR 08130",N,miles
245,Sandra Smith,179-16-1664,"PSC 1176, Box 2430
APO AP 56282",N,hours
246,Caitlin Torres,110-66-8241,"6888 Anderson Lakes
East Kevinmouth, VT 21338",N,miles
247,Taylor Wong,625-13-4684,"072 Parrish Field Suite 127
Brownfurt, FM 19568",Y,miles
248,Justin Carr,722-08-5665,"0271 Taylor Corners
West Mariashire, SC 23733",Y,miles
249,Eric Petersen,881-27-8061,"59912 Nicholas Hollow Suite 869
West Michelleburgh, AZ 32268",Y,miles
250,Nathan Serrano,323-92-1080,"537 Glen Isle
East Kristinchester, IA 06339",N,miles
251,Lawrence Miles,649-12-8071,"6687 Desiree Cliffs Suite 147
Williamfurt, AZ 49762",N,hours
252,Alec Tapia,697-67-4076,"2205 Brown Land Suite 932
West Ruthville, GA 48155",Y,miles
253,Andrew Ryan,524-58-2424,"74901 Kimberly Creek Suite 435
Crystalton, NE 47591",N,miles
254,Brian Rivers,672-06-9648,"237 Ryan Lodge
Cassandraport, MN 31880",Y,miles
255,Lauren Owens,564-57-3364,"62418 Barnes Cape
Lake Jasminemouth, CA 04439",Y,miles
256,Joseph Long,385-14-0669,"067 Hinton River Suite 562
North Kevin, MA 30259",N,hours
257,Christina Bauer,718-27-2983,"0835 Elizabeth Highway Apt. 783
South Ashleyland, SD 79421",Y,hours
258,Angela Richardson,737-54-3258,"584 Stephens Plains Apt. 094
Petersonside, WI 41279",Y,hours
259,Shawna Gonzalez,221-48-2546,"73147 Andrea Cliff Suite 374
North Krystal, AZ 10382",Y,hours
260,Anthony Jenkins,700-30-5640,"859 Adams Corner Apt. 304
Port Rebekah, MD 55808",Y,hours
261,Eric Barrett,788-49-2235,"Unit 2893 Box 4126
DPO AE 83958",N,miles
262,William Hogan,602-57-6043,"08337 Casey Ranch Apt. 877
Barneshaven, VT 47433",N,hours
263,James Navarro,491-72-8896,"59595 Saunders Landing Suite 904
East Kurthaven, TN 66532",Y,miles
264,Kimberly Hill,577-92-3636,"PSC 0079, Box 4762
APO AE 28631",Y,hours
265,Matthew Galloway,825-82-2955,"89304 Pamela Port
Jacksonborough, PW 49849",Y,hours
266,Debra James,796-17-1260,"197 Heather Light
Kristenside, FL 95457",Y,miles
267,Patrick Mcknight,441-76-6260,"PSC 1649, Box 9484
APO AP 20122",Y,hours
268,Andrew Waller,838-41-0043,"17681 Clark Pike
Anthonymouth, UT 83525",N,hours
269,Russell Smith,207-95-6193,"92391 Devin Courts Suite 976
Port Daniel, WV 50007",N,miles
270,Luke Baker,300-46-2677,"PSC 6868, Box 2443
APO AA 58938",Y,miles
271,Stephen Mcdonald,865-10-8767,"29719 Nelson Valley Suite 075
Lake Tracy, NM 06419",Y,miles
272,Carrie Zamora,357-67-0310,"95259 Lewis Loaf
North Lorifurt, GA 77373",Y,miles
273,Thomas Ruiz,277-53-1494,"864 Mcintosh Dam
West Amyview, TN 23841",Y,hours
274,Chelsea Johnson,736-81-8875,"33018 Keith Burg Suite 815
Lisahaven, TN 50930",N,miles
275,Kylie Juarez,356-01-3217,"43564 Peterson Estate
Rogersmouth, RI 52975",Y,miles
276,Amber Phillips,592-23-8541,"812 Emily Island
Stevenberg, GU 72212",Y,hours
277,Victoria Moses,383-48-2137,"USNV Bray
FPO AE 05547",Y,hours
278,Leah Fisher,668-72-0562,"70250 Shannon Brooks Apt. 810
Port Michaelburgh, OK 74259",Y,miles
279,Raven Carpenter,241-36-4825,"293 Henry Circles Suite 060
Schultzview, MO 39667",Y,miles
280,Max Miller,628-58-9712,"204 King Crossroad Suite 249
South Johnbury, PA 75982",N,miles
281,Melissa Lopez,837-05-9965,"72123 Debbie Gardens Apt. 022
West William, OR 29144",Y,miles
282,Adam Brown,807-85-3114,"5576 Jon Lock
West Jerome, WA 82330",Y,hours
283,Wyatt West,508-58-0726,"50199 Sosa Club
Hutchinsonborough, IL 37006",Y,hours
284,Allen Smith,661-98-2487,"905 Sarah Corner Suite 235
West Lisamouth, NY 58543",Y,hours
285,Joseph Matthews,734-12-0528,"883 Michael Spur Apt. 973
Stephanieville, LA 58703",N,miles
286,Eric Perry,723-40-5934,"1675 Christopher Center Apt. 789
Timothyside, FL 86498",Y,hours
287,Peter Lee,874-83-8701,"7046 Joel Brook
South Connorshire, NV 94165",N,hours
288,Nancy Hernandez,183-41-9175,"1586 April Dale
East Kevin, DE 26567",N,hours
289,Katherine Thompson,353-90-4278,"Unit 2741 Box 4490
DPO AE 96421",N,miles
290,Amber Morales,627-60-3452,"76126 Bishop Squares
Millsfurt, AZ 19871",N,miles
291,Jacob Marshall,363-64-2964,"42307 Santiago Roads
Hopkinsland, GU 62540",Y,miles
292,Jeff Montgomery,249-71-2999,"623 Smith Spurs Suite 387
Castillofort, MO 62361",Y,hours
293,Kimberly Arnold,589-18-4693,"1212 Joseph Club Apt. 788
Harrisburgh, VI 53830",N,miles
294,Ronald Lam,781-73-8513,"Unit 8299 Box 6402
DPO AP 22370",N,hours
295,Linda Delgado,694-23-1499,"0004 Brian Divide Suite 179
Paulaborough, AL 04566",N,miles
296,Lisa Bender,113-80-8049,"8333 Patrick Shoal Suite 709
Michaelfurt, AS 47991",N,hours
297,Jennifer Kim,616-58-8998,"47499 Jennifer Inlet
Williammouth, TX 12450",N,hours
298,Lance Warren,134-42-1526,"86936 Derek Row Suite 979
West Clayton, NC 50886",Y,hours
299,Edward Rhodes,619-61-8177,"737 Anthony Mountain
Morsemouth, MD 71446",N,hours
300,Angela Kelly,672-40-9126,"3373 Christina Island
Lake Jeremytown, TN 76662",N,miles
301,Wendy Myers,258-76-3107,"53222 Ryan Land
Jonathanshire, IL 55381",N,hours
302,Scott Farmer,120-09-1684,"292 Spencer Ridges
South Javierbury, NV 01431",N,hours
303,Dennis Contreras,308-48-2461,"41397 Jones Trace
Villatown, MI 73343",N,hours
304,Kimberly Goodman,266-40-3577,"75001 Shaw Trace Apt. 866
Lake Yolandaland, MA 49611",Y,miles
305,Kristin Harris,176-70-6318,"051 Hamilton Wells Apt. 749
Jennaburgh, NE 16320",N,hours
306,Dylan Conner,570-88-5723,"526 Brooke Trace
Contrerasside, IN 00695",Y,miles
307,David Moore,249-27-1000,"37236 Crystal Alley
Port Davidland, FM 14414",N,hours
308,Mary Hamilton,041-13-7270,"2559 Luna Spur
Port Kelly, GU 05384",Y,miles
309,Elizabeth Espinoza,078-72-5893,"2679 Michael Parkway
Port Noahhaven, GA 91841",Y,miles
310,Gail Coleman,584-44-1036,"500 Paul Freeway
Davidstad, WI 16101",Y,hours
311,Cameron Anderson,337-17-1369,"50684 Joanna Ports Apt. 543
New Ericton, AZ 66997",N,hours
312,Crystal Young,585-69-6965,"016 Tamara Courts Apt. 781
West Laurenstad, SD 54962",Y,hours
313,Jaime Hodge,756-28-8577,"09194 Sanders Rapid
Millertown, IA 69199",N,miles
314,Michelle Hawkins,293-31-6350,"08993 Andres Pass Suite 660
East Laurenton, DE 51781",Y,hours
315,Charles Perez,001-15-1953,"2724 Thomas Fall Apt. 528
Lake Melissa, CT 90200",N,hours
316,Brent Lane,855-98-8643,"49020 Miller Skyway Apt. 656
Michaelchester, WV 61919",N,hours
317,Stephanie Pena,458-90-0880,"690 Michael Park Suite 142
Saraport, NC 45609",Y,miles
318,David Porter,710-54-7240,"USNS Nelson
FPO AE 51674",Y,miles
319,Mary Ramirez,815-47-6656,"48778 Andrews Falls Apt. 080
South Erika, KS 21974",Y,miles
320,Angela Wright,151-18-8139,"86197 Gonzales Coves
West Petermouth, KY 30374",Y,miles
321,Sarah Adams,064-32-2030,"0262 Mcdonald Tunnel
Stacyburgh, AR 40110",N,miles
322,Thomas Mills,620-13-3358,"50803 Robin Streets
North Charlesberg, AR 67724",Y,hours
323,Roger Allen,169-99-4573,"Unit 7525 Box 6852
DPO AP 54669",N,hours
324,Garrett Preston,796-55-6435,"461 Claire Cove Apt. 853
New Christopher, AL 29109",N,hours
325,Kimberly Roberts,777-36-0659,"00157 Chelsea Lock
Port Teresamouth, OR 61183",Y,hours
326,Linda Saunders,758-62-0956,"16062 Christopher Rest Suite 315
East Andrea, WV 63416",Y,miles
327,Allen Bradshaw,003-81-8944,"60869 Kayla Dam Suite 029
Rickfort, ID 69727",Y,hours
328,Kelly Solis,027-20-0058,"9175 Russell Roads
Jamesstad, NC 63403",Y,miles
329,Michael Snyder,216-57-4905,"500 Young Orchard
Doyleborough, NY 93593",Y,hours
330,Ryan Lutz,584-74-3482,"0535 Jennifer Lakes Apt. 564
Jessicaland, NC 72120",Y,miles
331,Jackie Mcmahon,899-15-0387,"430 Michael Road
Longtown, OR 14291",Y,miles
332,Joseph Walker,746-87-8258,"065 Evans Corners
Gonzalezshire, VA 44165",Y,miles
333,John Steele,114-38-4130,"70482 Hinton Causeway
New Daniel, OK 91496",N,hours
334,Daniel Jones,010-56-6011,"687 Colleen Mountains Apt. 006
Port Alexborough, NY 73682",Y,miles
335,Anthony Cook,661-75-7379,"201 Mayo Via Suite 048
Port Kristy, MP 77382",Y,miles
336,Brandon Odonnell,267-89-4379,"450 Jacob Manors Apt. 014
New Michael, LA 60924",N,hours
337,Gary Garcia,430-97-9886,"760 Zimmerman Mall Apt. 459
Bretthaven, AZ 73912",Y,miles
338,Alison Lewis,333-11-6377,"91016 Alvarez Road
West Josephport, GU 55266",N,hours
339,Alexander Williams,467-31-9794,"9619 Walton Forge Suite 787
Laurenville, CA 83221",N,hours
340,Susan Chang,441-03-7784,"68989 Beth Summit
South Christine, CT 44274",Y,hours
341,Mr. Jamie Novak,454-91-7841,"6693 Mcfarland Mountains
South Johnnyton, AZ 90501",Y,miles
342,Alexis Flores,033-85-1417,"62210 Jared Trail Apt. 808
North Kathleenport, DE 22781",Y,hours
343,Ryan Reed,544-24-3191,"Unit 4226 Box 4762
DPO AE 10479",Y,hours
344,Keith Bell,320-33-8523,"7757 Michael Isle Suite 208
Sarahshire, CO 53021",N,miles
345,Angel Jones,370-15-3134,"3561 Shawn Spurs Suite 209
East Travisbury, KS 93351",N,miles
346,Robert Barnes,715-55-1853,"318 Kathy Skyway Apt. 097
Huangfort, KY 94996",N,hours
347,Elizabeth Farmer,487-41-6071,"46419 Fields Junction Suite 599
Lake Susan, SC 38202",N,miles
348,Joy Mcguire,070-29-2536,"388 Le Cape Suite 117
New Jamie, NY 70546",N,miles
349,Andrea Ellison,085-89-8835,"PSC 3105, Box 8432
APO AE 59386",Y,miles
350,Elizabeth Washington,189-35-4324,"1842 Thomas Brook
Petersland, MH 54944",N,hours
351,Jerome Bullock,520-49-1547,"8873 Sara Crossroad Suite 019
South Gary, NY 73182",Y,hours
352,Amy Mcdonald,273-53-2938,"PSC 5340, Box 2919
APO AA 17724",Y,miles
353,Elizabeth Garcia,520-60-2114,"130 Autumn Crossing
Port Willieburgh, MN 63957",N,miles
354,Casey Green,698-42-9020,"401 Lori Corners
North Kenneth, MD 29738",N,miles
355,Robert Shea,730-20-9961,"29804 Julie Cliffs
Penaland, LA 38943",N,hours
356,Charles Duran,077-39-3907,"PSC 9270, Box 2113
APO AE 77869",Y,miles
357,Michele Martin,077-88-2605,"939 Johnson Mall
North Michaelfort, UT 06355",Y,miles
358,Tammie Bray,415-37-7851,"534 Andrew Mission Apt. 881
East Johnland, SD 66996",N,hours
359,Timothy Mcfarland,663-64-8224,"9181 Jessica Dam Suite 331
Vegatown, KS 18841",Y,hours
360,Dr. Robert Kaufman MD,521-94-7446,"1881 Matthew Circles
West Johnport, MD 04349",Y,hours
361,Melanie Thompson,077-13-3868,"076 Bonnie Squares Apt. 166
Port Georgeland, MA 95122",N,hours
362,Loretta Bryant,294-06-3785,"79504 Albert Field
Wilsonport, ME 49797",N,hours
363,Brent Clay,631-20-5307,"472 Nicole Locks
Lake Dustin, PW 94856",Y,miles
364,Dr. Molly Escobar,332-02-9962,"19523 Macias Orchard Apt. 016
Clayfort, KS 37971",Y,hours
365,Joseph Morris,757-08-6160,"304 Sara Key Apt. 168
Port Brandon, GU 45433",Y,miles
366,Bruce Nelson,625-43-3080,"Unit 6069 Box 5280
DPO AA 15866",N,miles
367,James Kennedy,620-94-9105,"927 Dillon Lodge
Contrerasmouth, SD 73285",Y,hours
368,Corey Smith,560-60-4353,"2143 Castillo Brook
New Chadfort, LA 89404",N,hours
369,Kristi Evans,362-39-4097,"Unit 2549 Box 0220
DPO AP 68120",N,miles
370,Danielle Parker,183-44-2245,"2109 Logan Streets
South Briannaborough, NV 87243",N,miles
371,William Jones,141-59-8639,"16245 Melissa Tunnel
South Christophershire, VT 21618",N,miles
372,Robin Hobbs,073-83-0436,"882 Figueroa Mall Apt. 049
Stephaniehaven, WV 01524",N,hours
373,Victor Brown,567-44-2211,"0188 Edwards Forge
Michaelburgh, PR 66287",Y,hours
374,Julie Miller,843-14-5062,"40915 Price Path
Sergioport, NH 23792",N,miles
375,William French,636-25-4474,"7549 Cole Lakes Apt. 096
Connieville, CO 36440",Y,hours
376,Deborah Taylor,270-47-9394,"9740 Lucas Turnpike Suite 361
Michaelport, AZ 17656",Y,hours
377,Jay Mcpherson,075-35-0891,"23070 Timothy Path
New Ashley, ID 24456",N,hours
378,Donald Johnston,615-22-4331,"346 Jessica Village Apt. 281
Jessicabury, ND 24012",N,hours
379,Tim Wilson MD,546-46-6990,"84586 Torres Stravenue
Thomasmouth, KY 95081",N,miles
380,Jennifer Leonard,509-86-5312,"6621 Nathan Plains Apt. 921
Lake Jamesberg, NC 09962",N,hours
381,Teresa Morse,898-31-9863,"702 Yang Springs
East Mark, CT 20198",Y,hours
382,Phillip Gutierrez,298-89-6962,"Unit 7536 Box 2683
DPO AE 20658",N,miles
383,Regina Richards,418-20-6592,"7816 Katherine Grove Suite 353
South Jasonmouth, NV 09290",Y,miles
384,Austin Hunt,358-21-3765,"66012 Henderson Plains Apt. 946
New Royside, MD 48240",N,hours
385,Michelle Terry,334-19-3706,"93668 William Expressway
West Jennifer, VT 78276",Y,hours
386,Courtney Jones,058-44-2296,"28430 Austin Branch Apt. 320
West Noahland, MS 81977",N,hours
387,Lisa Chavez,708-19-1047,"3958 Wyatt Key Suite 372
Lake Jessica, TX 75710",Y,hours
388,Brian Hall,720-43-3459,"63803 Jackson Highway Apt. 723
South Crystal, MD 55493",Y,hours
389,Bonnie Garcia,294-47-5430,"754 Holly Plains
West Brianland, TX 06561",Y,miles
390,Melissa Hood,597-16-6937,"29996 Bowman Spurs Apt. 840
Port Joshuashire, VI 26466",Y,hours
391,Raymond Mcpherson,369-69-4759,"54195 Anthony Lakes Apt. 797
Lake Katrinabury, VA 00762",Y,miles
392,Julie Ruiz,151-84-3434,"30410 Dylan Bridge
Palmertown, DE 50222",Y,miles
393,Kathy Maddox,884-36-9251,"75072 Bean Port
Fullerside, WA 64673",Y,hours
394,Susan Whitehead,682-53-2962,"1852 Robinson Circles
South Shawn, TX 63575",N,hours
395,Lisa Khan,823-51-8102,"67623 William Center
Juanton, GU 99122",N,miles
396,Jane Reeves,794-46-9705,"83173 Hines Vista Apt. 332
Samanthaport, AZ 19278",Y,miles
397,Michael Rodriguez,649-28-2192,"378 Matthew Dale
Grantmouth, TX 39970",Y,miles
398,Miguel Montgomery,393-20-7770,"962 Brittany Cove Apt. 958
Port Charleschester, NE 93903",N,miles
399,Joy Dennis,021-79-6906,"631 Paul Tunnel
West Kathleen, OK 62357",Y,hours
400,Thomas Wilson,678-76-2686,"5556 Andrews Islands
Port Jeremy, DC 63291",Y,miles
401,Jeffery Turner,883-53-7704,"USS Gonzalez
FPO AE 19053",Y,hours
402,Hannah Brown,886-44-2376,"3462 Cathy Trace
Brooksstad, GU 36718",Y,miles
403,Lisa Green,088-79-8220,"9096 Patton Fall
Castilloshire, WI 51709",Y,miles
404,Pamela Reilly,287-92-6452,"028 Nash Run
New Jeffrey, CT 51652",N,miles
405,Amy Andrews,115-37-0249,"5982 Alexander Parks Apt. 243
Stevensfort, LA 78367",N,miles
406,Beth Rosales,417-68-6455,"28298 Samuel Circle
Garzaton, TN 97618",Y,miles
407,Matthew Warner,322-90-8731,"74686 Steele Vista Suite 633
Port Chelseaside, PW 47894",Y,hours
408,Veronica Perez,619-57-5031,"73457 Benson Knoll
Wilsonville, MD 27663",Y,miles
409,James Miller,507-27-6818,"USNS Thomas
FPO AE 47736",N,hours
410,Ashley Patrick,343-27-8260,"9669 Jacob Road
Michelleberg, AR 46637",Y,hours
411,Steven Jackson,627-58-0261,"0488 Eric Key Suite 324
West Kennethport, WY 05324",N,miles
412,Gary Acosta,242-64-0606,"617 Smith Valley Apt. 118
South Whitneybury, IA 19994",Y,miles
413,Jennifer Stephenson,863-24-3672,"0476 Joseph Fall Apt. 218
Valentineview, MI 06490",N,miles
414,Kristin Scott,218-98-4318,"419 Morrison Expressway Suite 982
Phillipsborough, ID 49435",N,miles
415,Ernest Harris,423-22-5774,"Unit 5628 Box 4322
DPO AP 76838",N,miles
416,Jennifer Chandler,280-37-1326,"6019 Gregory Crest
Michaelfort, LA 99371",Y,miles
417,Thomas Hill,246-64-9103,"USNS Williams
FPO AP 65402",N,miles
418,Anthony Bryan,370-57-2586,"918 Montoya Highway
Lake Richardfurt, ID 37088",N,miles
419,Thomas Cannon,747-90-4804,"4180 Richard Knolls Suite 281
Whiteside, FM 84724",N,miles
420,Heather Krueger,054-56-5489,"7503 Kathryn Walk
Makaylahaven, MA 09184",N,hours
421,Edward Winters,715-92-5697,"8210 Perez Summit
New Latoya, VA 41027",N,miles
422,Melissa Nash,864-81-9420,"898 Garcia Plaza
Kaitlynside, VA 95046",Y,hours
423,Julie King,804-18-8120,"545 Snyder Underpass Apt. 362
Nicoleton, MN 22996",N,hours
424,Jordan Harrell,718-44-2691,"21580 Ramirez Brooks
Shawport, DE 05663",N,hours
425,Michelle Meyer,825-48-3121,"465 John Pike Apt. 175
Justinfurt, TX 02865",Y,hours
426,Ricardo Chapman,439-21-3686,"63570 Matthew Crescent Suite 406
North Ginashire, SC 28886",N,miles
427,Michelle Perez DDS,596-11-1283,"0984 Turner Corners
New Christinachester, VA 38890",N,hours
428,Christina Wilson,207-56-4762,"9566 Hammond Burg Apt. 129
Dorothyview, IL 73628",N,miles
429,Rebecca Morales,501-76-9179,"05981 Kelsey Plains Suite 847
Johnsonchester, NY 24744",N,hours
430,Tim Collins,467-18-1196,"6753 Adams Inlet Apt. 408
South Chadland, AL 16850",Y,miles
431,Jacob Jacobs,122-12-6649,"8477 Donna Lakes Suite 134
East Richard, IL 08181",N,hours
432,Barbara Ayers,862-86-4347,"Unit 0291 Box 0688
DPO AP 05719",N,hours
433,Angela Walsh,134-56-4433,"75873 Chavez Greens
Charlesside, OK 63881",N,hours
434,Patricia Vasquez,734-66-1552,"62908 Spencer Ford
New Michael, MD 37019",Y,miles
435,Noah Eaton,404-72-3237,"56303 David Crescent
Jennyburgh, AK 75536",Y,hours
436,Patricia Haas,189-27-3900,"8607 Catherine Gateway
West Kimberly, WI 97246",N,hours
437,Angela Rose,439-16-8158,"770 Julie Estate
Hannahburgh, UT 65566",N,miles
438,Mark Conrad,703-32-9599,"37903 Amanda Street
New Theresachester, WA 99348",Y,hours
439,Clarence Kelly,138-81-6376,"7744 Marcus Trace Suite 728
Pruitthaven, KS 96703",Y,miles
440,Jessica Ortiz,497-15-1184,"86094 Thompson Plaza Apt. 575
Maryville, MI 98619",N,hours
441,Derrick Alvarez Jr.,178-93-2973,"05948 Cynthia Divide
Kristaside, FM 64484",Y,hours
442,Barbara Hendricks,357-82-3647,"USNV Davis
FPO AE 06165",N,miles
443,Daniel Molina,529-24-8954,"66359 Courtney Points Apt. 592
Duranshire, MS 22772",Y,hours
444,Tracy Meyer,535-22-4647,"095 James Isle Apt. 123
Markhaven, FL 28872",N,hours
445,David Macias,169-39-0794,"13115 Rowe Road
Marisachester, NY 96563",N,miles
446,William Olsen,674-67-2816,"09055 Alexander Port Suite 293
Caseburgh, MI 34171",N,hours
447,Andrew Roach,752-04-2664,"3965 Elizabeth Vista Suite 568
Cohenberg, OK 62286",Y,miles
448,Sherri Rodriguez,850-92-1764,"17306 Heath Spurs
Jenniferberg, SC 78598",N,miles
449,Nicole Owens,642-99-9021,"2763 Kathleen Causeway Suite 237
Fosterstad, ME 31247",N,miles
450,Angela Collins,796-42-0049,"880 Martha Hollow Suite 334
New Jamesville, VI 88953",N,hours
451,Ryan Johnson,251-60-7583,"966 William Turnpike Suite 127
Shelleystad, OR 16152",Y,miles
452,David Mora,660-60-1230,"8557 Matthew Port
North Laura, GA 62725",N,hours
453,David Bryant,056-89-0438,"8469 Katrina Common
East Amandaview, UT 84333",N,hours
454,Jacob Johnson,207-19-4351,"3159 Baker Track
Benjaminland, NJ 59519",Y,miles
455,Shawn Hawkins,762-41-4999,"368 Sara Glen Suite 097
Lake Andreachester, VT 14589",N,hours
456,Jessica Wise,888-94-1252,"943 Miguel Stream Apt. 211
Cynthiafurt, IL 75873",Y,hours
457,Brandon Kirk,569-54-0113,"5131 Johns Stravenue
Brownside, TN 23975",N,hours
458,David Austin,424-03-8200,"481 Campbell Station
Harrischester, AR 43006",N,hours
459,Jason Warren,137-03-9486,"6921 Kristen Meadow Suite 127
South James, NM 94546",N,hours
460,Nathan Perez,035-74-8714,"09874 Martin Flat
Lake Justinfort, ID 48601",Y,miles
461,Lisa Mcconnell,459-23-5707,"69425 Griffin Center Suite 292
West Michaelland, FL 26748",Y,hours
462,Jennifer Daniels,439-66-4470,"0192 Clayton Center Suite 428
Port Chris, MS 97168",N,miles
463,Steve Lopez,893-57-7342,"05783 Laura Cape
Lisaton, WI 22086",N,miles
464,Morgan Williams,056-21-5806,"USNV Johnson
FPO AA 98859",N,hours
465,Robert Williams,228-63-9218,"780 Orr Green Apt. 794
North Tiffany, WA 36192",N,hours
466,Anna Cole,308-64-1094,"266 James Estates Apt. 970
Lake Christopherview, CA 22410",N,hours
467,James Hatfield,687-83-4150,"351 Charlene Island Suite 265
Port Billyside, FL 68675",N,hours
468,Robert Sims,499-19-1709,"788 Soto Inlet
South Jessica, UT 84519",N,miles
469,Jordan Bond,400-26-1036,"2818 James Circle Apt. 870
New Georgehaven, MS 98074",Y,hours
470,Samuel Price,113-97-4927,"108 Joseph Hill
South Patriciafurt, DE 59963",Y,hours
471,William Oconnor,007-86-5302,"455 Richardson Isle
Port Debraview, KY 27817",N,miles
472,Stacey Gomez,085-92-1711,"PSC 3969, Box 3976
APO AE 49895",N,hours
473,Whitney Sosa,580-80-6221,"2095 Jennifer Ranch
Marialand, NC 04033",Y,hours
474,Antonio Nelson,159-35-2969,"3037 Jonathan Estates
Brittanyport, WV 94094",Y,miles
475,Jesse Fisher,754-68-7469,"75756 Dana Vista
Churchmouth, IL 45288",Y,miles
476,Ashley Conley,581-06-8106,"18509 Omar Streets Apt. 855
North Jenniferport, NJ 25985",N,miles
477,Dr. John Riley MD,522-24-3086,"90293 Powell Skyway Suite 488
Williamsfurt, VI 50215",Y,hours
478,Jeffrey Thompson,402-59-4678,"244 Andrews Forks Suite 191
East Christinetown, OK 63980",N,hours
479,Alexander Johnson,679-97-2724,"2413 William Ports Apt. 348
South Crystalview, MO 60590",Y,miles
480,Larry Duran,615-78-3134,"4654 Esparza Ville
Jamesburgh, NY 49888",N,hours
481,Mark Harrison,559-26-1394,"59103 Anthony Stream
Port Michaelview, ND 17916",N,hours
482,Brandi Pratt,292-53-2223,"5427 Michelle Via Apt. 772
Gordonburgh, LA 44363",Y,hours
483,Jim Williams,088-42-9591,"07705 Jensen Forest
Rebeccaland, ID 97916",Y,miles
484,Brian Frederick,814-71-9205,"71943 Maria Shoal Suite 126
Nashtown, IL 45591",Y,hours
485,Matthew Delgado,531-85-4739,"5880 Solis Forge Suite 053
Robertborough, UT 13835",N,hours
486,Kevin Sherman,813-53-3867,"661 Cynthia Valleys
Mooremouth, ND 22460",N,hours
487,Eric Estrada,274-37-1162,"PSC 4243, Box 2986
APO AA 26626",N,hours
488,Ian Woodward,541-04-3579,"PSC 7921, Box 4627
APO AE 90053",Y,hours
489,Donna Owens,074-44-6990,"161 Lauren Pass Apt. 172
Saramouth, NM 34248",N,miles
490,Elizabeth Richardson,576-52-4883,"USNS Burke
FPO AP 72140",Y,miles
491,Austin Craig,439-01-9908,"42941 Cunningham Mill
North Dawn, IN 73040",N,miles
492,Lawrence Smith,691-85-9622,"USNV Fields
FPO AP 84638",N,hours
493,Jennifer Johnson,061-74-6553,"Unit 9159 Box 0296
DPO AP 72185",N,hours
494,Danielle Shepard MD,243-69-0309,"1659 Ray Drives
Adkinsstad, ME 93642",N,hours
495,Stephen Hammond,228-78-0464,"26418 Coleman Lodge Apt. 434
East Justin, OH 23156",N,hours
496,Steven Miranda,215-79-5790,"4851 Tiffany Parkways Apt. 934
Ronaldland, WA 77615",Y,hours
497,Diane Moore,640-49-3122,"7441 Christopher Ville
East Randall, ND 81172",Y,hours
498,James Phillips,577-04-5021,"PSC 4576, Box 2192
APO AA 41156",N,hours
499,Christopher Jensen,020-43-3214,"94253 John Knolls
North Kristin, NM 42623",Y,miles
500,Scott Miller,860-72-8004,"6467 Stacey Flats Suite 794
Jodibury, HI 13889",Y,miles
501,Brian Conway,591-51-0922,"Unit 1308 Box 7681
DPO AA 64016",Y,miles
502,Samuel Harris,012-58-2667,"71141 Monica Landing Suite 786
East Anthonyview, PW 41926",Y,miles
503,Craig Gray,050-72-9415,"670 Norris Road Apt. 620
Ashleyton, ME 86570",N,miles
504,Pamela Ortiz,163-13-2896,"00287 Ayers Park
Gravesside, VI 86164",Y,miles
505,Katherine Goodman,737-70-1336,"5547 Williams Ford
East Calvin, VT 77677",N,miles
506,Mr. Jim Russell MD,354-51-9266,"6012 Rios Light
West Jasontown, PA 26588",N,miles
507,Erin Moore,187-82-7422,"USNV Miller
FPO AA 99572",N,hours
508,Sarah Brown,862-74-0896,"0488 Young Hollow Suite 531
Ramirezfurt, ME 27042",Y,hours
509,Stephen Rodriguez,644-80-7890,"908 Scott Street
Sarahburgh, CO 50201",N,hours
510,Gina Brooks,754-07-2837,"681 Bell Hills Apt. 741
Blakestad, MI 07588",Y,miles
511,Andrew Morrison,632-74-2512,"11191 Thompson Flat Apt. 391
Michaelchester, TX 91423",Y,miles
512,Joseph Lambert,683-95-5149,"PSC 6832, Box 9395
APO AE 02897",Y,hours
513,Bryce Murphy,634-49-4613,"51933 Joe Mountains Suite 786
Mcneilmouth, TX 38648",N,hours
514,Gina Lee,352-71-8541,"4177 Lang Street Apt. 707
South Joshuaside, NC 96820",N,hours
515,Crystal Bailey,626-01-0332,"4415 Angela Cliffs Apt. 294
New Joseph, LA 42237",Y,miles
516,Shannon Serrano,451-97-4704,"610 Marc Inlet Suite 854
Landrystad, ND 60049",N,hours
517,Steven Abbott,695-72-5951,"Unit 9694 Box 9002
DPO AA 89581",Y,hours
518,David Fisher,236-99-2419,"38813 Chelsea Pike
Debbiefort, DE 69935",N,hours
519,Heather Copeland,101-95-3708,"Unit 3423 Box 1961
DPO AA 94595",N,miles
520,Kevin Collins,848-78-8283,"2784 Gardner Corner Apt. 042
Port Parkerside, AL 22322",N,miles
521,Robert Sanders,855-87-7222,"7716 Perkins Loaf
North Karen, FL 73926",Y,miles
522,David Larsen,195-66-8349,"78558 Freeman Haven Apt. 847
West Rebeccastad, TX 45379",Y,miles
523,Adam Huerta,282-55-8982,"915 Sarah Stravenue
North Valeriefurt, SD 05131",Y,hours
524,Kelly Banks,579-34-3025,"905 Kevin Lakes
Allenfort, KY 72083",N,miles
525,Thomas Hoffman,628-01-4027,"51202 Jerry Lakes
East Jasonburgh, SC 25193",Y,miles
526,Miguel Cunningham,597-90-2687,"65824 Melissa Isle
Samuelshire, TX 13000",N,miles
527,Alexis Velazquez,048-92-3203,"07849 Lisa Fall
Moyerton, MH 46654",N,miles
528,Sherri Green,892-67-3665,"2466 Victor Stream
New Amy, NY 03593",Y,hours
529,Jacob Rodriguez,735-45-9489,"5553 Lin Street
Campbellside, VI 24622",N,miles
530,Tammy Macdonald,183-55-4384,"4533 Chaney Lodge
Port Kimberlyport, RI 97314",N,miles
531,Robert Arellano,406-31-3002,"047 Erika Trail Suite 037
Sosafort, WA 61526",N,hours
532,Theresa Kennedy,378-73-7065,"43386 Bishop Passage Apt. 988
North Robert, OR 35464",Y,hours
533,Paul Wilson,591-71-0773,"908 Douglas Mills Suite 443
Gomezbury, VT 97602",Y,hours
534,Matthew Reyes,760-66-3377,"0350 Justin Forges
Port Joannland, MO 25559",N,hours
535,Monica Mitchell,429-37-3950,"697 Woods Lock
West Robertfurt, NM 31083",N,hours
536,Danny Cook,344-53-7597,"057 Livingston Branch
East Elizabethchester, LA 81135",N,miles
537,Anthony Yates,763-98-9985,"484 Reynolds Port Suite 252
North Michaelland, AK 47929",N,hours
538,Diane Miller,537-11-1965,"6912 Melissa Locks
Port Malloryburgh, CT 96018",N,hours
539,David Davis,268-79-5132,"645 Katherine Vista
New Jamesville, GA 35639",N,hours
540,Lisa Bryan,599-75-8604,"7187 Thomas Valleys Suite 491
East Ericabury, HI 36658",Y,miles
541,David Davis,608-88-1132,"2407 William Branch
East Karentown, OH 63935",N,miles
542,Kelly Bright,568-68-3336,"2370 Erica Plains
Lake Mary, NE 14468",Y,miles
543,Marcus Carrillo,512-34-4975,"3093 Ellison Gardens
West Laura, KS 10390",N,hours
544,Brian Richards,454-24-8416,"876 Martin Streets
Schultzstad, KS 94171",Y,hours
545,Miguel Clark,508-64-3190,"5169 Shannon Mount Suite 855
Ramireztown, GA 65622",N,miles
546,Natalie Weber,308-37-7422,"846 Jennifer Motorway Suite 872
Lake Tammy, ND 80474",N,miles
547,Kristina Reed,781-58-1522,"801 Morgan Wall Suite 256
South Catherineberg, NY 09765",Y,hours
548,Aaron Pearson,251-35-7565,"47797 Brown Village Suite 337
East William, SD 15074",Y,hours
549,Linda Lee,728-05-4084,"128 Anthony Springs Suite 636
Amandahaven, MT 07650",Y,miles
550,Kerry Munoz,879-47-2158,"2062 Annette Estate Apt. 959
Williamfort, FL 34914",Y,miles
551,Melinda Hill,351-12-4467,"Unit 6533 Box 6183
DPO AE 42315",Y,hours
552,Alicia Harrell,803-21-0620,"6279 Morrison Point Apt. 192
North Cristianfort, KS 90539",N,miles
553,Curtis Scott,524-65-4695,"4614 Patricia Forest Suite 334
Davismouth, AL 95693",N,hours
554,Ellen Ray,594-36-9670,"1664 Bennett Wells
New James, IN 67821",Y,miles
555,Curtis Cox,430-81-8398,"431 Annette Light
Kochhaven, PR 09148",Y,miles
556,Janice Ortiz,017-45-7820,"4710 Donna Lodge
Karenville, AK 64360",N,miles
557,James Fuentes,672-90-3296,"48307 Brian Haven
Smithside, WY 21415",N,hours
558,Christy Day,038-24-3594,"09519 Matthew Junction
Alexandraside, FM 49533",N,hours
559,Pamela Robinson,100-37-1548,"115 Lopez Landing
Lindsaymouth, KS 37117",Y,hours
560,John Miller,860-98-8794,"4250 Hale Common
North Jasonberg, TX 33573",N,miles
561,Yvonne Trevino,856-13-3010,"0127 Rodgers Motorway
Hallshire, WI 37213",Y,hours
562,Jonathan Holt,020-31-9588,"77546 Todd Street Apt. 161
South Stephanie, GA 28874",N,miles
563,Amber Rose,205-19-0698,"Unit 5309 Box 9771
DPO AE 38544",N,hours
564,Elizabeth Clark,684-73-4461,"8144 Walker Via
East Richardbury, IL 84789",Y,hours
565,Amanda Wu,794-01-5172,"914 Perez Mountains Suite 109
Gibbsland, FM 43245",Y,miles
566,Joseph Gordon,428-09-9714,"USS Mullins
FPO AE 67248",N,miles
567,Linda Fernandez,024-76-9865,"932 Jackson Ways
Santiagoport, UT 92659",N,hours
568,Amber Grant,737-30-7380,"7339 Daniel Turnpike Apt. 191
Galvanshire, MN 10117",N,hours
569,Gregory Hunt,003-70-1222,"02470 Dana Ports
Lake Melissaside, KS 47158",N,hours
570,Keith Ballard,259-31-2027,"0476 Lane Trafficway
Garciabury, NY 83143",N,hours
571,Amanda Knox,698-61-6609,"PSC 3949, Box 5659
APO AE 61069",Y,hours
572,Luis Johnson,478-70-9977,"774 Walters Mountain
North Danachester, NY 20677",N,hours
573,Jermaine Johnson,111-68-4879,"39570 Riley Knoll
Danielmouth, MH 51466",N,hours
574,Nathaniel Odonnell,468-37-3175,"5491 Padilla Crossroad Apt. 815
Monroeside, OR 47795",Y,hours
575,Danielle Ferguson,694-24-3834,"209 Sharon Spurs Suite 250
Johnview, MA 96553",N,miles
576,Mark Williams,243-95-5845,"7341 Nicole Squares Suite 353
East Keithbury, AL 52741",N,hours
577,Henry Brady MD,271-28-3402,"7721 Maria Mountains
Wilkersonfort, PA 31689",N,hours
578,Amanda Williams,684-41-4733,"22502 Jasmine Prairie Suite 293
West Vickiport, MH 85030",Y,miles
579,James Christensen,128-26-6251,"8527 Mary Turnpike Suite 978
New Brendaville, GU 00658",N,miles
580,Brandy Rosario,781-01-9372,"102 Megan Corners Suite 172
Tammychester, TN 35792",N,hours
581,Alexis Griffin,536-66-5544,"468 Joseph Burgs
Heathermouth, VI 32752",N,hours
582,Trevor Haas,855-24-2057,"895 Travis Lock Suite 462
West Mary, SD 21148",Y,hours
583,Sheena Vaughn,847-23-3550,"3257 Michael Locks Apt. 166
South Kimberly, VA 14639",N,hours
584,John Montgomery,853-83-2565,"1951 Michael Centers
Port Anthonyfurt, PW 54620",N,miles
585,Nicole Johnston,784-07-0220,"705 Gomez Heights
South Jennifer, IN 34003",Y,miles
586,Catherine Rose,758-53-2358,"950 Trevino Pine Apt. 758
East Danielshire, MN 66380",Y,hours
587,Lacey Guzman,321-45-4164,"2249 Elizabeth Avenue Suite 901
Kyliefort, MS 03174",N,miles
588,Nathan Lawrence,642-01-9985,"Unit 9480 Box 3124
DPO AP 84971",N,miles
589,Brandon Serrano,834-55-4623,"12744 Hunter Lake
East Ashley, MD 79229",Y,hours
590,Ian Campos,156-89-1341,"684 Brandi Mews Suite 123
Lake Davidhaven, OK 18434",N,hours
591,Catherine Morrison,164-21-0400,"USNS Phillips
FPO AE 99625",N,hours
592,Jenna Patel,240-22-7017,"407 Gray Ridges Apt. 325
West Breanna, CT 93004",Y,hours
593,Benjamin Robinson,529-86-9826,"094 Crystal Trail
Port Aaron, KS 62903",Y,hours
594,Andrew Gonzalez,209-87-1924,"05516 Lee Turnpike
East Courtneychester, UT 59327",N,miles
595,John Bailey,418-86-2417,"PSC 8076, Box 9703
APO AP 98003",N,hours
596,Jody Kidd,799-72-8410,"8290 Peter Road Apt. 882
East Kyleberg, WY 17048",N,miles
597,Yesenia Brown,186-63-7808,"618 Alicia Terrace Suite 109
Chapmanbury, CO 53813",Y,hours
598,Mark Sandoval,238-90-9276,"996 Deborah Springs Apt. 785
East Amanda, ND 66452",Y,miles
599,William Robinson,734-49-4364,"32645 Christopher Highway Suite 611
Henryfort, RI 92623",Y,miles
600,Kathryn Morrison,533-57-8611,"536 Vicki Path Suite 900
South Brandonmouth, DE 19930",Y,miles
601,Connie Miller,218-64-1045,"USS Molina
FPO AE 54371",Y,hours
602,Mr. Nicholas Brewer,741-94-0651,"4035 Jeffery Rue
Daveburgh, NM 26278",Y,hours
603,Michelle Warren,116-84-2311,"8860 Glover Stravenue
Bowmanhaven, FM 02949",N,hours
604,Debra Singh,596-73-3678,"2419 Jennifer Pine Suite 406
West Michael, SC 26989",Y,hours
605,David Rice,433-02-9852,"937 Tyrone River
Randyport, TN 96724",Y,hours
606,Andrea Lee,049-85-5716,"159 Abigail Light Apt. 830
Woodardville, AS 85847",Y,miles
607,Steven Mendoza,370-33-2722,"4960 Daniel Isle Apt. 270
Joshuaborough, KY 32983",N,miles
608,Jillian Weaver,296-14-2975,"72920 Robinson View Apt. 681
Tinaside, AK 53737",Y,hours
609,Robert Clark,464-38-8472,"6164 Smith Heights
Sherryberg, TX 69698",Y,miles
610,Robert Ritter,859-25-5175,"7827 Courtney Shores Apt. 838
Jenniferbury, IL 05271",Y,hours
611,Crystal Brown,412-15-6942,"PSC 9017, Box 2080
APO AE 65582",N,hours
612,Gilbert Mckay,532-44-2697,"947 Bryan Route Suite 284
Brownshire, VT 26379",Y,miles
613,Brandi Maldonado,644-78-1479,"493 Nancy Divide Suite 660
New Lisa, VT 46631",Y,miles
614,Sierra Cole,719-94-8575,"13288 Marcia Garden Suite 255
Port Elizabeth, IN 29288",N,hours
615,Brittney Vasquez,212-01-1114,"06264 Renee Walks
North Jamesberg, CT 23231",N,miles
616,Tiffany Ward,001-64-5421,"86761 James Wall Suite 196
West Jessica, MA 06095",Y,hours
617,Leslie Lewis,009-84-7229,"0213 Kim Stravenue Apt. 679
East Christina, CA 75779",N,miles
618,Elizabeth Riley,523-31-9552,"020 Brenda Harbor Suite 243
East Carl, HI 28516",Y,hours
619,Eric Mann,458-21-3769,"PSC 8434, Box 2019
APO AE 51879",Y,miles
620,Thomas Brown,556-38-3959,"28065 Rodriguez Square
South Denisehaven, CA 74059",N,miles
621,Sharon Castro,827-42-6927,"USCGC Jordan
FPO AP 01493",N,miles
622,Stephanie Marshall,016-06-3670,"44480 Katelyn Cove Suite 289
Coxburgh, ID 21637",Y,miles
623,Joshua Frye,427-65-6249,"6592 Higgins Mountains Suite 842
Hardinmouth, AS 66886",Y,miles
624,John Johnston,193-14-6510,"047 Jennifer Burgs
Drakefurt, VA 48247",Y,miles
625,Karen Jackson,630-89-5744,"207 Erickson Estate
New Lori, RI 72923",N,miles
626,Rebecca Phillips,690-43-9425,"75917 Nancy Summit Apt. 408
Alechaven, TX 94894",Y,miles
627,Laura Ewing,064-49-7548,"USS Curry
FPO AA 33029",Y,hours
628,Mr. William Thompson,352-35-5277,"71551 Wilson Villages
Port Mary, ND 84538",N,miles
629,Alexander Adams,806-18-2038,"72211 Santiago Unions Apt. 834
Elizabethstad, AR 32546",N,hours
630,Thomas Richardson,216-30-6709,"460 Cody Villages Suite 949
Mcdowellberg, OK 06184",Y,miles
631,Teresa Mosley,737-19-1329,"1188 Gonzales Meadow
Mcdanielbury, DC 17251",Y,miles
632,Renee Thomas,862-23-9318,"920 Griffin Turnpike Apt. 458
Rothside, DC 99647",Y,hours
633,Tracy Pena,842-25-8979,"682 Johnson Canyon Suite 257
South Jody, PR 66778",N,hours
634,Darryl Richardson,190-84-0209,"8571 Chavez Meadow
East Jerry, FL 83734",Y,hours
635,Erica Robinson,741-68-8208,"1639 Valdez Light Apt. 171
West Michaelberg, DE 65601",Y,miles
636,Rhonda Conrad,085-98-7135,"9973 Wilson Radial Apt. 213
Port Michael, DC 16575",N,miles
637,Katie Hodge,793-11-8429,"251 Paula Forks
Hortonbury, AS 42142",Y,hours
638,Kenneth Waters,530-28-5025,"203 Smith Throughway Suite 505
Davidport, FM 26404",N,miles
639,Sheila Morton,828-29-8472,"790 Lee Shoal Apt. 051
North Christinebury, MT 36209",Y,hours
640,Elizabeth Barnes,602-54-8639,"087 Hardy Ford Apt. 634
Martinport, WA 63177",Y,hours
641,Sean Gilmore,261-89-4741,"31435 Alexandra Vista Suite 648
South Victor, ME 72980",N,miles
642,Philip Marsh,708-76-4785,"7913 Moore Gardens Suite 503
New Victorport, AL 89239",Y,miles
643,Joann Hunter,020-73-9427,"Unit 2923 Box 7723
DPO AA 08772",N,hours
644,Frank Moon,703-36-9320,"9287 Jason Meadows Suite 789
West Alejandro, RI 57043",N,hours
645,Margaret Knapp,002-14-7169,"8123 Wells Pike Apt. 653
Schwartzborough, DC 42708",Y,miles
646,Mr. Juan Harrison MD,754-39-4799,"77856 Wolfe Village
Anthonystad, NC 82640",Y,hours
647,Kelly Patterson,624-53-2718,"7936 Stephen Square Suite 995
North Stephanieberg, NY 52058",Y,miles
648,Hector Allen,440-65-3440,"540 Amanda Spur Apt. 408
East Michaelland, MI 66603",N,hours
649,Emily Lloyd,014-01-2422,"USNV Stark
FPO AA 63221",N,miles
650,Leonard Lewis,268-10-8434,"97783 Brandt Parkway Suite 109
Beckmouth, NV 21977",N,miles
651,Cynthia Edwards,787-81-2249,"056 Adrienne Plains Apt. 318
North Tinabury, MS 86242",N,hours
652,Heather Singh,643-77-0556,"75102 Olson Ridge
Perezshire, LA 07781",N,miles
653,Robert Carter,747-44-8841,"1901 Catherine Terrace Suite 986
Jamesport, AZ 27333",N,miles
654,Misty Gill,154-13-0990,"746 Rebecca Plains Apt. 891
West Andrew, NE 35636",Y,hours
655,Andrew Johnson,301-17-4065,"178 Shawn Plaza Apt. 671
Port Janet, SC 01248",N,miles
656,Glenn Turner,498-94-5019,"76151 Eric Plaza Suite 742
Amymouth, MP 39236",N,miles
657,Peter Harris,351-98-8928,"1280 Carter Park Apt. 819
Amandaborough, FL 58539",N,hours
658,Nicolas Miller,867-71-2806,"PSC 2893, Box 6361
APO AE 13072",N,hours
659,Rebecca Brown,695-97-1946,"20521 Martin Trail Apt. 637
North Michaelshire, CA 18406",Y,hours
660,Edwin Neal,461-07-4864,"92954 Brandon Ramp
Donaldside, OK 93044",Y,miles
661,Theresa Buchanan,236-95-0510,"68063 Victoria Prairie Apt. 281
New Kimberlyton, PA 83948",Y,hours
662,Janet Tran,713-82-3060,"USNV Sanders
FPO AA 52486",N,hours
663,Manuel Joseph,552-84-2365,"0161 Gordon Island Suite 829
Robertside, UT 58027",N,hours
664,Danielle Snyder MD,784-12-4804,"892 Lauren Forest Apt. 313
Torresberg, MS 93098",Y,hours
665,Shirley Wheeler,388-81-7794,"Unit 5882 Box 1989
DPO AE 16158",Y,hours
666,Steven Bullock,769-24-1120,"947 Williams Grove
East Lee, HI 60170",N,hours
667,Steven Maxwell,046-31-5713,"863 Stephenson Street Apt. 895
Port Davidchester, WV 06709",Y,miles
668,Joseph Smith,557-94-5267,"0434 Priscilla Inlet
Veronicaton, VT 05705",N,miles
669,Ryan Chung,598-86-4742,"5949 Mckay Island Apt. 111
East Mary, CO 35968",Y,hours
670,Jeffrey Hayes,870-04-3951,"PSC 2331, Box 0043
APO AP 52951",N,hours
671,Johnny Hammond,551-23-2415,"1371 Peter Drive Suite 207
Burtonside, WV 74624",N,miles
672,Michael Camacho,635-15-2029,"34740 Walls Bypass Suite 232
Perkinston, RI 77796",N,miles
673,Steven Blevins,443-35-8337,"182 Terri Fort Suite 682
Adrienneport, MN 56147",Y,hours
674,Scott Moore,009-20-2095,"53486 Amanda Passage Apt. 910
Williamsview, SC 08858",N,hours
675,Wayne Le,593-43-8403,"887 Simmons Knolls
Bryantview, MO 63272",Y,miles
676,Jeffrey Wright,437-19-1233,"222 Jessica Spurs Apt. 749
Jillport, VI 37609",N,miles
677,Sandra Hall,226-58-1159,"52863 Moore Light Suite 719
North Lorraineside, NC 45220",N,hours
678,Sophia George,398-88-4102,"1842 Lawson Harbor
Olsonland, RI 92782",N,hours
679,Peter Hernandez,726-58-2077,"7207 Castaneda Parkway
Molinaburgh, NY 68734",N,hours
680,Scott Hill,831-59-8206,"7915 Pope Ville Apt. 543
Ballfurt, VI 13765",Y,miles
681,Evan Mendoza,640-70-4279,"54910 Sanchez Streets
Lake Anthonymouth, FL 25251",N,hours
682,Russell Mcbride,403-40-6513,"478 Toni Lake
North Deborah, DC 19154",Y,miles
683,Kyle Tucker,307-38-7763,"17042 Johnson Isle
New Rodneyton, FM 95402",Y,miles
684,Gary Sellers,788-51-3875,"53509 Martin Manors Apt. 584
Kevinton, NJ 64443",N,miles
685,Amy Edwards,260-34-0711,"2968 Garza Crossroad
South Janice, NC 66115",N,miles
686,Mario Hahn,813-20-3357,"3696 Gonzalez Meadows Apt. 819
Kristinaton, MI 89059",Y,hours
687,Dr. Angela King DVM,800-35-5184,"6240 White Square
Theodoreland, NE 17357",N,hours
688,Glenda Chandler,321-63-2910,"10932 Scott Mountains
Daviston, FL 15520",Y,hours
689,Robin Roberts,327-95-6000,"3535 Carney Spur Suite 766
South Joshua, CT 28055",Y,hours
690,Jacqueline Ward,531-65-7591,"PSC 7733, Box 5377
APO AP 41467",N,hours
691,Virginia Juarez,239-83-8726,"Unit 3540 Box 8685
DPO AP 34955",N,hours
692,Wayne Anderson,098-75-4531,"9874 Elizabeth Mews
Pooleside, VI 70271",N,hours
693,John Mcbride,719-91-8400,"USCGC Mitchell
FPO AA 20371",Y,hours
694,Laura Ward,714-97-8906,"3657 Ball Knoll
Paulhaven, DC 58266",Y,hours
695,Thomas Colon,791-06-4648,"PSC 4536, Box 8011
APO AP 39812",Y,hours
696,Monica Glenn,420-69-1061,"93275 Eaton Prairie Suite 008
Margaretmouth, NY 84441",N,miles
697,Erica Wong,787-21-6335,"43167 Brad Vista
West Matthew, LA 83861",N,hours
698,Deborah Sellers,767-38-8802,"75700 Mark Spur Suite 223
Kaufmanfurt, FL 35705",Y,miles
699,Jody Jacobson,897-06-1500,"PSC 4628, Box 9990
APO AP 32863",Y,miles
700,Ryan Scott,536-74-1758,"236 Fitzgerald Run Suite 689
East Michael, RI 21542",N,hours
701,Nathaniel Hurley,706-83-9342,"5653 Molina Freeway
North Kathy, FL 89668",Y,hours
702,Wesley Bullock,445-23-1498,"36585 Bowen Square
North Jennifer, NM 10958",Y,miles
703,Jeffrey Gonzalez,230-16-1834,"28297 Elizabeth Lodge Apt. 519
Brooksfort, AR 00700",N,hours
704,Gary Peterson,035-43-4572,"694 Hart Fork
Janeborough, UT 15973",Y,miles
705,William Phillips,729-05-5964,"33322 Jill Ridges
Joshuabury, NE 11477",Y,miles
706,Mary Gonzalez,653-70-9206,"126 Leslie Meadows
Allenview, GU 15146",Y,miles
707,Gloria Edwards,398-82-9820,"99981 Olivia Heights
West Cynthia, TN 00706",Y,miles
708,Wesley Spence,215-88-1823,"PSC 1799, Box 7881
APO AP 67208",N,hours
709,Vanessa Rivas,369-63-1575,"0638 Amanda Ferry Apt. 073
Dominiquefurt, HI 41518",N,hours
710,Sara Hall,691-83-3884,"8170 Daniel Mall Apt. 047
Maryfurt, CO 42301",N,hours
711,Virginia Day,772-28-3476,"0216 Emily Springs
Samuelberg, VA 64235",Y,hours
712,Mrs. Savannah Holland,699-26-4232,"PSC 9949, Box 5315
APO AE 15317",Y,hours
713,Austin Blake,400-02-3733,"866 Bradley River Suite 182
Lake Patriciaborough, MO 44876",Y,hours
714,Shelby Cruz,493-51-7082,"14108 Gary Dale
Georgestad, GU 57067",Y,miles
715,Catherine Lindsey,137-64-2813,"8608 April Overpass Apt. 039
Andrewberg, KS 92912",Y,hours
716,Caleb Johnson,180-66-5237,"08788 Bruce Turnpike
West Sara, AS 34672",N,miles
717,Tonya Warner,416-35-6873,"Unit 7191 Box 8005
DPO AE 15899",Y,hours
718,Kayla Wells,632-01-1496,"085 David View
Port Gregory, AR 08770",N,miles
719,Aaron Ellis,590-41-3656,"USNS Clay
FPO AE 74395",N,hours
720,Melissa Lopez,858-41-5163,"01573 Wilson Mission Suite 227
Hughesfort, MA 51519",Y,miles
721,Diana Martinez,403-91-9709,"56478 Brown Loop
Jeffreyland, AL 68919",N,miles
722,Jessica Cruz,050-88-2067,"14497 Neal Centers Suite 356
Williamsmouth, MN 39188",N,hours
723,Allison Blackwell,418-73-9099,"66559 Cordova Corners Apt. 209
Campbellstad, SD 69545",N,hours
724,Matthew Massey,512-18-1166,"9273 Griffin Point Apt. 478
Andrewfurt, MD 37067",Y,hours
725,Mark Holland,047-20-2895,"77038 Wilson Oval
Matthewsborough, MN 62329",N,hours
726,Megan Smith,364-29-5806,"242 Garrett Locks
Toddtown, AL 48416",N,hours
727,Melissa Smith,108-71-7320,"7063 Gonzales Drive Suite 105
New Stevenmouth, KS 91318",Y,miles
728,Trevor Lawrence,844-28-3636,"7001 Booker Cliffs Apt. 858
Timothyfort, HI 20538",Y,miles
729,Melanie Jackson,157-54-5835,"1472 Pierce Station Apt. 347
Jacksonport, HI 40358",Y,hours
730,Julie Mendoza,626-76-1309,"601 Hannah Coves
South Michelleport, OR 58245",N,hours
731,Joseph Hart,572-09-3571,"USNV Sanchez
FPO AP 65110",N,miles
732,Raymond Lopez,316-81-4722,"63992 Roberson Court Suite 133
West Kyleport, OH 11634",N,hours
733,Nicholas Jones,160-64-0156,"45432 Brianna Common
East Jamesview, NH 88969",Y,miles
734,Amber Garcia,048-81-4563,"57013 Valencia Orchard
Jonathanhaven, AS 90332",Y,miles
735,Michael Reed,599-97-1636,"600 Pratt Valley Apt. 534
West Jason, VI 49365",Y,hours
736,Billy Horne,065-72-9459,"55165 Travis Haven
East Billyhaven, VI 93882",Y,miles
737,Nicole Turner,142-91-0397,"398 Fernandez Springs
Lake Keithshire, TX 89723",N,hours
738,Pamela Briggs,227-02-9861,"449 Newton Road
Prattmouth, ME 22207",N,miles
739,Sharon Rodgers,244-61-0591,"1555 Evans Ranch Apt. 917
Thomasland, WA 06687",N,miles
740,Jamie Rhodes,133-06-9346,"765 Robert Terrace Suite 097
North Lorraine, CA 71193",N,miles
741,Amy Powell,794-07-9999,"6066 Williamson Turnpike
New Jamesside, IA 93670",Y,miles
742,Wendy Sims,722-23-8765,"Unit 7384 Box 1189
DPO AA 51539",N,hours
743,Samantha Moore,696-86-0227,"788 Trujillo Alley Apt. 327
Jamesville, UT 84486",Y,hours
744,Jennifer Ortiz,109-71-5000,"1467 Mikayla Stream Suite 317
Cynthiastad, MS 78233",Y,hours
745,Joseph Delacruz,100-52-4058,"01522 Brian Manor Apt. 376
South Rita, PR 60845",N,hours
746,Hannah Gibson,318-20-1736,"35142 Cole Walks
New Daniellechester, GU 87505",Y,hours
747,Kurt Sanchez,288-89-5505,"36085 Hester Island
Lake Rebeccafurt, NE 37832",N,hours
748,Megan Patterson,330-24-2857,"741 Gardner Cliff Suite 737
Sheilaview, SD 87916",Y,hours
749,Michael Wright,699-73-6251,"2985 Sarah Land
Jessicaport, CT 69135",N,hours
750,Nicholas Taylor,558-62-5840,"28818 Wallace Junction Apt. 605
Williamfurt, LA 63585",Y,miles
751,Sara Ochoa,836-80-9038,"468 Dawn Lane
Pamelaview, SC 37517",N,miles
752,Jessica Ford,084-70-5144,"2343 Mullen Stravenue
New Stephanieland, NC 19005",N,hours
753,Matthew Elliott,737-08-4331,"192 Williams Tunnel Apt. 303
Gravesland, NE 84966",N,hours
754,Sheryl Smith,726-61-8006,"92312 Burke Cliff
North Suzanneshire, MS 31738",Y,hours
755,Joshua Wilson,605-02-0134,"15089 Reginald Point Apt. 334
New Davidchester, GU 77536",Y,miles
756,Jesse Gardner,323-98-9917,"412 Daniel Islands Suite 216
North Melissa, PR 14956",Y,miles
757,Ashley Johnson,203-73-2328,"74636 Eric Square
Sandyville, AK 72363",N,hours
758,Angela Anderson,895-12-5930,"43381 Schmitt Estate Apt. 336
Brownshire, TN 16769",N,miles
759,Dominic Hansen,457-11-4643,"140 Webb Cliffs
Brucefurt, CO 55074",Y,miles
760,Pamela Wagner,746-62-1564,"456 Ryan Rest
Wufort, NY 78335",N,miles
761,Renee Clark,080-76-1457,"688 Shaun Gardens
Millerchester, MS 35142",Y,miles
762,Sheryl Bennett,301-99-3249,"016 Thompson Union Apt. 798
Jonathanport, VT 01061",Y,hours
763,Joanna Johnson,737-54-1477,"46141 Smith Locks
Andersonview, AK 67824",N,hours
764,Larry Hawkins,165-01-6251,"USNV Taylor
FPO AA 30896",N,miles
765,Brooke Raymond,155-79-4092,"600 Dylan Falls Suite 812
Monicaland, NM 84669",N,miles
766,Keith Rivera,221-68-8479,"89570 Joel Fort Suite 537
Port Jasonberg, CO 66383",N,hours
767,Robert Peterson,694-15-8828,"27904 Justin Locks Suite 399
Lisatown, OH 94070",Y,hours
768,Joseph Delgado,217-52-1317,"84936 Goodwin Islands
Michaelburgh, DC 76183",N,hours
769,Madison Riddle,216-05-3273,"Unit 7886 Box 3840
DPO AE 77154",N,miles
770,Connie Carey,186-06-7529,"675 Yang Curve
Jeremyborough, GA 60817",Y,miles
771,Pamela Terrell,038-90-4867,"91469 Diaz Shore Suite 181
Obrienland, MD 72135",Y,hours
772,Dale Sullivan,594-82-9614,"312 Sarah Village Suite 497
Justintown, NJ 76598",Y,miles
773,Matthew Scott,505-09-2312,"81427 Laura Rapid Apt. 177
Carolinetown, MS 32107",N,miles
774,Heather Gordon,465-51-8590,"4031 Thomas Circles
Port John, AZ 69848",N,hours
775,Elizabeth Perez,531-91-0885,"437 Juan Mountains Apt. 089
Keithland, WA 79639",N,hours
776,Joyce Dunn,338-92-4696,"74169 Reed View
East David, MO 11748",N,miles
777,Gina Garcia,776-98-9663,"536 Kendra Drives
Lake Amytown, FM 84788",Y,miles
778,Sergio Dean,366-41-0436,"30855 Haynes Estate Suite 561
Wagnerborough, VA 01177",Y,miles
779,Jennifer Peters,149-79-8996,"9145 Garcia Port Suite 542
Aaronmouth, NM 02935",Y,hours
780,Dr. Audrey Simmons,594-10-7911,"8162 Chelsea Parkway Apt. 342
Curtisville, GU 35226",Y,miles
781,Jeffery Garcia,853-35-5193,"0104 Stewart Ways Suite 701
Port Kristina, DC 05753",Y,miles
782,Paul Ross,532-28-3431,"6997 Ortiz Village
Buchananville, DC 38706",N,miles
783,Cathy Santiago,532-90-1784,"63930 Ryan Lodge Suite 490
Pagebury, MD 76773",Y,hours
784,Kimberly Wilson,459-23-0059,"988 Christopher Forges Suite 819
Latoyamouth, HI 29378",N,miles
785,Stephanie Thomas,090-66-5132,"8569 Williams Crossroad
Shannonton, NY 40522",Y,hours
786,Jeffery Guerra,503-07-3843,"Unit 0784 Box 0184
DPO AA 99841",N,miles
787,Thomas Berg,081-45-5622,"6365 Gonzalez Isle Apt. 155
Palmerhaven, WY 80678",N,miles
788,Justin Bonilla,247-01-5515,"3763 Simpson Port Suite 749
Tammyside, KY 12776",Y,miles
789,Ms. Lisa Rodriguez,426-26-1684,"549 Deleon Parkway Suite 403
South Michaeltown, WA 78266",Y,miles
790,Katherine Mills,557-01-9592,"9721 Christian Circles Apt. 570
Lake Larry, TX 65344",Y,hours
791,Randy Potter,121-07-5017,"36256 Rodney Road
Lake Christopher, ME 14913",Y,miles
792,Thomas Travis,599-53-6938,"193 Jackson Crest Apt. 042
Susanville, ID 06988",N,miles
793,Eric Wheeler,306-72-0893,"481 Hall Road
Christopherport, MA 24954",N,miles
794,Benjamin Williams,721-86-5448,"1685 Kenneth Mews
Johnland, AZ 71688",N,hours
795,Michelle White,407-34-3458,"77886 Reynolds Wall
North Jaystad, DC 18492",N,miles
796,Philip Cross,012-21-6824,"74688 Alexander Corner Suite 264
New Beckyville, IN 39226",Y,hours
797,Tammy Reynolds MD,144-02-1902,"54393 Mcdaniel Highway Suite 832
Maryville, PA 30652",N,hours
798,Xavier Baker,851-81-5684,"451 Nathan Pass
North Johnhaven, NM 83185",Y,miles
799,Andrea Hernandez,099-12-3115,"063 Matthew Street Suite 670
North Heathermouth, AS 27396",N,hours
800,James Miller,177-58-3780,"0459 Hudson Pass Apt. 929
East Paul, WI 14434",Y,miles
801,Megan Walker,844-46-3303,"69675 Michelle Cliff
Barrettview, FM 81907",N,miles
802,Corey Hughes,630-77-7224,"3675 Cook Ridges Apt. 979
West Elizabethside, FM 96338",Y,miles
803,Laura Webster,469-36-8910,"PSC 5872, Box 5154
APO AP 28218",Y,hours
804,James Mejia,304-20-3055,"36709 Lopez Grove Suite 355
Murraymouth, MD 86794",Y,miles
805,John Gomez,605-66-9413,"42316 Patrick Center Suite 071
West Barbaratown, AS 64116",N,miles
806,Lorraine Wright,573-18-6748,"1091 Michael Station Suite 951
Annburgh, WI 41162",Y,hours
807,Charles Johnson,788-63-0573,"Unit 8784 Box 3211
DPO AE 23754",Y,hours
808,Kenneth Santos,778-78-4649,"725 Stephanie Inlet Suite 245
North Reneeview, UT 39422",N,miles
809,Laura Williams,434-71-7491,"605 Mason Fall
Barrettmouth, MN 88539",N,miles
810,Robert Jefferson,649-76-9601,"4814 Adams Skyway Apt. 560
Hollyside, WA 93497",Y,miles
811,Charles Washington,023-68-6637,"1549 Kelly Pines
East Johnhaven, SD 08324",N,miles
812,Rebecca Lopez,014-51-9029,"94471 Diaz Plain
South Suzanneside, PA 84968",Y,hours
813,Kelly Lee,184-61-9498,"729 Katherine Club
North Kristopherborough, MD 52556",N,miles
814,Travis Sanchez,127-04-8629,"2010 Harrell Crossroad Apt. 121
New Ashleystad, MA 97998",N,hours
815,Matthew Anderson,034-43-7805,"997 Brooks Hill Suite 116
Stephanietown, OH 22614",Y,hours
816,Cynthia Watson DVM,453-01-1990,"52714 Jerry Mountain
Jasonbury, AK 23530",Y,miles
817,Ann Russell,023-27-5192,"PSC 4296, Box 7313
APO AE 68934",N,hours
818,Ryan Lopez,820-34-3224,"59766 Johnson Plain
Mcdonaldtown, PR 29192",Y,miles
819,Timothy Dalton,228-70-1640,"685 Christopher Drive
Cunninghamstad, TN 76877",Y,hours
820,Kyle Chen,789-08-7787,"885 Bennett Via
Port Josephside, CA 84976",Y,miles
821,Melanie Goodwin,657-50-5432,"678 Kimberly Plaza
Lindaberg, IN 57241",Y,hours
822,Sean King,440-01-4081,"PSC 9754, Box 8673
APO AA 86044",Y,miles
823,Kathryn Solomon,720-74-3464,"31186 Richards Bridge Suite 034
South Beckyborough, PA 87707",Y,hours
824,Joe Miller,638-68-2317,"445 Sara Meadows Suite 250
South Tiffany, ME 52041",Y,miles
825,Kayla Harvey,582-01-5411,"60809 Robert Corner
New Samantha, WA 86870",N,miles
826,Christopher Best,695-30-7801,"6597 John Ridges Apt. 728
Timothytown, SC 41115",Y,miles
827,Lindsay Woodard,202-15-8346,"9286 Harrison Plaza
Anthonyborough, NH 92941",N,miles
828,Miss Tamara Chaney,849-33-8046,"34932 Thornton Crossing
Lake Karen, OK 07326",Y,miles
829,James Herrera,536-44-9628,"8998 Stephenson Vista Suite 148
Dianeville, SD 13189",N,miles
830,Anthony Bishop,359-31-3508,"1197 Williams Locks
North Davidtown, MP 10057",N,hours
831,Nicholas George,048-57-1339,"Unit 3147 Box 2415
DPO AA 95432",Y,miles
832,Lauren Jimenez,244-32-0111,"91909 Campbell Loaf Apt. 432
Moraville, ND 84033",N,miles
833,Sabrina Russo,866-77-5719,"09675 Beth Shore
Simpsonfurt, AS 25330",N,miles
834,Nathaniel Johnston,769-77-2670,"9672 Armstrong Rest
Port Alex, NV 04533",N,miles
835,Grace Chan,606-26-0324,"2184 Watson Extension Apt. 141
Sarahhaven, AK 50660",Y,miles
836,Lindsay Stephenson,487-96-0852,"88846 Smith Roads
Amandafort, AZ 21780",Y,hours
837,Tina Madden,245-23-5950,"59805 Richard Meadows Suite 662
Mayfort, CT 97382",Y,miles
838,David Wade,449-35-2320,"615 Lowe Squares
Bradleyland, ND 96848",N,miles
839,James James,640-87-3036,"17782 Michelle Corner Suite 322
Raymondborough, WA 29985",N,hours
840,Jennifer Mathis,800-26-8576,"1214 Rollins Run
Theresahaven, MD 61379",N,miles
841,Tammy Hull,444-67-5413,"99752 Stewart Stravenue
South Amyland, NJ 10605",N,hours
842,Karen Owens,545-51-5102,"9053 Michael Ports Apt. 535
Nicholeville, OK 86002",Y,miles
843,Joe Mcgee,103-73-7223,"8627 Jasmin Springs
South Melissaburgh, IN 48486",N,hours
844,Jose Stone,466-76-8945,"90243 Jacob Trafficway Apt. 017
North Lisa, UT 88916",N,hours
845,Jerry Johnson,016-01-3224,"06058 Davidson Crossroad Suite 873
North Jamiebury, OR 59342",N,miles
846,Kevin Davis,382-65-2223,"7148 Daniel Vista Suite 318
Penningtonville, GA 02469",N,hours
847,Zachary Yang,351-46-0527,"5990 Stacy Highway
North Amyland, MA 29754",N,hours
848,Vincent Anderson,137-85-5481,"143 Conway Cliffs Apt. 302
New Sandrashire, OH 47072",N,miles
849,John Hall,682-38-5909,"737 Garcia Views Apt. 202
Danielstad, CO 89128",Y,miles
850,Tim Wang,337-46-2917,"7315 Santos Ferry
Lake Emily, WA 33057",Y,hours
851,Kenneth Booker,497-97-4276,"68103 Sampson Drive
North Brendanland, TX 33288",Y,miles
852,Michael Anthony,782-92-4421,"9821 Wong Row
Lake Jeffreyview, SC 33742",N,miles
853,Howard Evans,791-03-7257,"560 Moore Wall Apt. 538
New Scott, NY 30824",Y,hours
854,Holly Figueroa,851-23-0806,"2448 Hall Squares Suite 416
Eatonfort, FL 72367",N,miles
855,Tyler Pratt,521-34-5907,"54120 Julie Land
West Erin, VI 25591",N,hours
856,Marcus Morrison,262-03-0538,"9343 Jason Brooks Apt. 975
Fowlerbury, FL 51393",Y,miles
857,Todd Valdez,295-88-5371,"599 Floyd Overpass Apt. 050
Debraland, WY 85884",Y,hours
858,Ashley Wolf,181-66-3341,"Unit 6910 Box 4598
DPO AE 14935",Y,miles
859,Stephanie Chavez,310-99-1672,"4385 Walton View
Nelsonview, MD 13020",Y,miles
860,Bridget Henderson,151-34-2527,"2096 White Squares Suite 587
North Joeland, PA 28606",Y,miles
861,Gabriel Johnson,511-19-9514,"05109 Weber Meadow
West Kyle, AK 01766",N,miles
862,Kimberly Schneider,053-50-2009,"8879 Franklin Shores
Williamston, CA 93636",Y,hours
863,Antonio Kelley,870-11-2382,"9383 Butler Ford
South Darryl, NV 54721",N,miles
864,Rhonda Fox,801-79-7656,"6784 Alex Mews
Lake Courtneyton, MP 56717",Y,miles
865,Jennifer Anderson,583-60-8096,"68396 Martin Way
North Michaelside, OK 09390",Y,miles
866,Brandy Meyers,109-75-2914,"352 Barnes Station
Maldonadohaven, RI 37244",Y,hours
867,Evan Williams,755-08-2991,"05642 Young Isle
Lake Sharon, PA 14459",N,hours
868,Kayla Ryan,535-64-8816,"2621 Gabriel Freeway Suite 605
Lauraville, IA 82637",Y,hours
869,Karen Moore,866-19-9246,"71483 Torres Forges Apt. 047
North Brandyview, IN 92591",Y,miles
870,Debbie Vincent,400-47-6111,"7234 Nicholas Valley
Hollyland, RI 89798",N,hours
871,Brandon Wilkins,487-87-5936,"063 Gray Lakes Apt. 890
East Jasonborough, MA 53733",N,hours
872,Elizabeth Fields DVM,817-21-5001,"1001 Caleb Glens Apt. 551
South Monica, DE 77764",Y,miles
873,Charles Hayes,164-11-3677,"7616 April Heights
Port Kevin, OR 21667",N,miles
874,Jennifer Salazar,823-98-4729,"0933 Daniel Stream
Lake Sarahmouth, PA 48627",N,miles
875,Natalie Campbell,367-45-8580,"291 Kelly Fork
Joseborough, CT 63118",N,miles
876,Sara Cook,865-15-4279,"0885 Kimberly Orchard
North Mariaview, NC 39643",Y,hours
877,Alan Williams,161-58-3031,"68320 Johnson Park Apt. 821
North Melissaburgh, HI 37749",Y,miles
878,Mary Johnson,753-85-7767,"1796 Zamora Skyway
North Kimberlyshire, MP 65288",Y,miles
879,Ashley Smith,496-43-2030,"5879 Shannon Walks
Paulahaven, WY 28199",Y,miles
880,Jamie Cain,634-94-8174,"834 Mathis Parks
Lake Colleenfurt, NE 75697",Y,miles
881,Jorge Robinson,069-83-2843,"65242 Hayden Walk
Lake Jesse, WI 31473",Y,hours
882,Cathy Newman,211-68-3118,"86697 Harris Island
Christensenstad, MO 70442",N,miles
883,Joshua Hanna,786-36-5144,"6746 Megan Shore
Lindafurt, CT 00582",Y,hours
884,Deanna Dean,455-19-8067,"098 Smith Greens Apt. 746
West Bill, AZ 52601",N,hours
885,Evan Fuller,197-31-7374,"165 Harrison Rapid Apt. 119
Johnsonhaven, PR 54642",Y,miles
886,Michael Johnson,563-23-7456,"Unit 9073 Box 8132
DPO AA 11805",N,miles
887,Sarah Dalton,018-58-0123,"1113 Robinson Burg Apt. 318
Johnsonburgh, WA 59247",N,miles
888,Jamie Gray,342-30-3829,"7910 Steven Manors
Johnsonmouth, NV 83253",N,miles
889,Briana Thomas,835-91-4573,"619 Brett Freeway Suite 427
Nicholasbury, FL 96702",Y,miles
890,Kristen Phillips,475-16-6760,"94878 Berry Island
South Jennifer, NC 93709",N,miles
891,Dwayne Hernandez,753-80-1282,"14739 Brown Parks Apt. 251
Sandovalchester, MN 90394",N,miles
892,Kimberly Hoffman,509-04-9397,"33456 Marissa Mission
North Dylanside, OH 82874",Y,miles
893,Michael Thomas,493-76-5111,"743 Kathryn Manors Suite 513
Oconnorfort, TN 26346",N,miles
894,Emily Campbell,663-13-3199,"137 Robinson Streets
East Heatherhaven, AR 50179",N,miles
895,Timothy Decker,807-39-8731,"256 Robert Island Apt. 523
Macdonaldburgh, NV 59323",N,hours
896,Bobby Jones,461-82-7500,"90062 Scott Meadows
Lake Johnfurt, KS 88501",N,hours
897,Gail Smith,190-47-5960,"247 Turner Plains Apt. 626
East Michaelfort, SC 98980",Y,miles
898,Jessica Walker,598-01-1379,"50289 Mccall Drive Suite 559
Thomasbury, NH 79482",Y,hours
899,Sylvia Camacho,276-90-4406,"73957 Giles Path
Evansfort, ND 78270",N,hours
900,Victoria Thomas,097-36-8388,"02785 Lisa Greens
Crystalport, MN 26793",N,hours
901,Victor Choi,232-49-4884,"156 Elizabeth Pass Apt. 368
Gregorymouth, MA 36212",N,hours
902,Jennifer Manning,589-70-1658,"70516 Bradley Stream Suite 214
North Laurenbury, NC 88911",N,miles
903,Jose Patterson,788-04-4709,"4509 Bethany Roads
Dylanfort, NE 52536",N,hours
904,Jennifer Brown,551-21-1487,"5881 Robinson Prairie Apt. 675
Ballville, WI 81526",N,hours
905,Daniel Logan,843-46-9073,"62949 Mary Trail Apt. 112
Port Anneview, IA 45118",N,miles
906,Paul Lopez,301-43-8699,"57951 Smith Circles
New Jamesfurt, MA 86222",Y,miles
907,Greg Mcmahon,425-54-4442,"2314 Marshall Glen
Port Justinmouth, NC 77853",N,miles
908,Danielle Ellis,805-30-9341,"22174 Laurie Harbor Suite 649
Bradleyberg, GU 21808",N,miles
909,Jessica Tucker,381-23-6259,"USNS Mcintosh
FPO AA 62701",Y,miles
910,Daniel Howard,616-80-2731,"871 Maldonado Streets
Lake Noahburgh, NC 50259",Y,miles
911,Emily Conner MD,593-79-5857,"642 Powell Path
Lake Gary, KY 13824",Y,miles
912,Paul Cooper,145-61-5031,"1103 Johnson Passage
Davidmouth, MO 22970",N,hours
913,Fernando Figueroa,667-39-9854,"519 Ray Drives
Riverachester, GA 08894",Y,hours
914,Tiffany Odonnell,527-32-1404,"3813 Moore Flat
Michaelmouth, PR 90300",Y,hours
915,Jose Miller,527-29-6246,"USNV Sullivan
FPO AE 16479",Y,miles
916,Tammy Johnson,285-55-8157,"017 Jonathan Ford
Guzmanfort, UT 38656",Y,hours
917,Karen Cooper,409-80-2889,"028 Renee Loop
Williamsfurt, MA 75930",Y,hours
918,Anthony Collier,673-83-8520,"7997 Morris Trail Suite 339
South Haley, NM 74813",Y,hours
919,Eric Parks,263-59-7313,"899 Brown Junction
Pettyborough, NM 22581",Y,hours
920,Cody Jackson,428-06-5415,"Unit 6084 Box 4024
DPO AE 20880",N,miles
921,Jacob Marquez,799-66-3370,"44260 Isabella Mall
Hernandezport, KS 11705",Y,hours
922,Rebecca Hamilton,708-34-1654,"435 Grace Island Apt. 836
Johnsonbury, PW 72175",Y,hours
923,Henry Miller,526-49-1537,"USNV Foster
FPO AE 13129",Y,miles
924,Duane Russo,443-01-1058,"60429 Eric Trail
Sharonport, AL 21843",Y,miles
925,Mark Horton,824-92-9055,"0593 Heather Pike Apt. 070
Port Richard, HI 29568",N,miles
926,Carl Williams,306-06-2110,"10765 Douglas Well
Gregoryberg, MI 97257",Y,hours
927,Alexander Odonnell,222-58-3218,"56985 Sanchez Summit
Nelsonville, DC 79576",Y,hours
928,James Lynn,628-11-2457,"1005 Lowery Villages
New Georgeshire, SD 34837",Y,hours
929,Erica Jackson,754-41-4586,"5634 Smith Roads
Norrisview, DE 19297",N,hours
930,Mary Ruiz,327-45-8497,"5453 Julia Creek Suite 227
Gibsonbury, NY 13081",Y,hours
931,Thomas Thompson,055-99-4530,"681 Diaz Lodge
Collinsview, FM 32425",N,miles
932,Diana Dawson,723-85-0467,"5051 Moore Port
Wrightville, OR 64760",Y,miles
933,Hector Edwards,571-80-4240,"6919 Pennington Fort
South Markland, MD 04135",Y,miles
934,Hannah Alvarado,652-09-1216,"84774 Ochoa Stravenue Apt. 505
North Keith, DC 16628",N,hours
935,Elizabeth Griffith,077-49-5501,"97556 Ryan Crossing Suite 813
Williamchester, WV 18169",Y,miles
936,Marissa Hernandez,453-29-1446,"PSC 4302, Box 4428
APO AA 38832",Y,miles
937,Raymond Mendoza,379-48-3978,"7415 Lisa Lock
Lake Christinamouth, VI 63191",N,hours
938,David Young,852-16-5802,"97439 Wilson Motorway
South Ryanfurt, ND 32857",N,miles
939,Jason Fischer,277-28-8687,"48862 Alicia Inlet Suite 687
Paigefort, AK 27703",N,miles
940,Megan Mcgrath,374-52-7089,"5990 Amy Lodge Suite 485
Lake Jessica, OR 09820",Y,hours
941,Robert Stone,082-17-6887,"75800 Fletcher Forest Apt. 548
Andrewside, GA 11397",N,miles
942,John Hickman,038-83-0806,"0539 Hansen Island
South Kelseyfort, OK 86625",Y,hours
943,Amanda Williams,035-30-6354,"144 Crystal Meadows Suite 072
North Makaylaberg, MP 20192",Y,hours
944,Steven Oliver,644-44-1943,"6076 Medina Summit Suite 817
Crystalberg, IN 97853",N,miles
945,Garrett Carter,125-94-3586,"73381 Perry Crossroad Apt. 631
Evelynside, CT 27043",N,hours
946,Ian Stevens,131-04-1475,"24932 Renee Prairie
New Stephaniechester, AK 98956",N,hours
947,Patricia Myers,227-55-3442,"5050 Logan Gardens Suite 858
Turnerville, NJ 41884",Y,hours
948,Lisa Malone,608-53-5531,"1521 Greene Road
East Johnton, RI 99517",Y,hours
949,Kent Crosby,607-18-1337,"699 Donald Circle Apt. 362
Wolfeton, MO 52167",N,hours
950,John Smith,481-83-7354,"933 Jason Shoal
East Adamfurt, FM 40348",Y,hours
951,Sharon Austin,655-96-4999,"4858 Meghan Cove Apt. 615
Claytonfurt, MP 34619",Y,miles
952,Lisa Gibson,141-85-4815,"23356 Fred Courts Apt. 343
Lake Vickiborough, IA 12882",N,hours
953,Roberto White PhD,758-83-4563,"9005 Tiffany Road Apt. 934
Greenehaven, MI 30990",N,hours
954,Darryl Horton,405-56-7134,"46126 Michelle Courts Apt. 462
Ericafort, OR 07176",Y,hours
955,Zachary Berry,113-02-5885,"3645 Leah Dam
Lake Ellenmouth, MA 45882",N,hours
956,Stacey Wallace,894-87-4210,"6733 Joseph Prairie
Martinezmouth, WY 22377",Y,hours
957,Ashley Hunt,548-66-1520,"USCGC Fischer
FPO AA 93576",N,hours
958,Laurie Mccoy,260-23-0101,"705 Potter Hills Apt. 640
Jonathanshire, MI 01208",Y,hours
959,Samuel Hunter,491-57-8925,"30911 Ford Manor
Danielleville, MT 86358",N,miles
960,Anthony Cline,718-44-5124,"81844 Santos Shoal
Michaelchester, MH 29253",N,miles
961,Jonathan Hill,182-59-2602,"4640 Robert Mill Apt. 946
Lake Kimberly, FL 43883",Y,miles
962,Lauren Palmer,840-94-5014,"0067 Hernandez Tunnel
Barberstad, RI 41126",Y,hours
963,Brandy Bennett,797-63-9051,"56214 Brown Mill Apt. 980
South Reginaldport, MH 36194",Y,hours
964,Keith Vazquez,830-48-0798,"31634 Christopher Gateway
Muellerborough, TN 92353",Y,hours
965,Scott Taylor,045-49-9048,"69515 Jerry Views Apt. 520
North Antonio, ID 95923",Y,hours
966,Tara Marshall,895-05-1110,"8808 Jennifer Crossing
South Phillip, WY 95597",N,hours
967,Chelsea Mercer,054-21-4189,"USS Mcguire
FPO AE 29185",N,miles
968,Bethany Olson,158-59-7740,"USS Hill
FPO AA 48089",N,miles
969,Justin Johnson,580-91-9341,"9049 Sherry Unions
Howellfurt, NH 74194",N,miles
970,Allison Lynch,062-87-1201,"Unit 3141 Box 6189
DPO AP 52238",N,hours
971,Virginia Frye,853-83-6001,"442 Harris Harbor Suite 777
Cruztown, RI 10199",N,hours
972,Timothy Buck,037-91-7614,"53249 Alvarado Mountains Apt. 684
Lake Jessica, NC 69825",N,miles
973,John Potter,255-90-9735,"6374 Nicholas Hollow Apt. 636
Sarahport, PA 03139",N,miles
974,Adam Montoya,235-13-8804,"29914 Travis Centers
Lindsaymouth, KS 74738",Y,hours
975,Kurt Coleman,151-31-9066,"0040 Cathy Ramp
Priceland, PW 15845",Y,hours
976,Jose Fischer,208-04-5784,"1510 Ramirez Shore Suite 273
Lake Paulville, MP 83088",N,hours
977,Jacqueline Bautista,024-37-6291,"0704 Alexandra Spur Apt. 120
North Ernestmouth, CA 93981",Y,miles
978,Steven Thomas,720-66-5011,"076 Beard Mountains Apt. 305
Hansonville, MO 43695",N,miles
979,Ronald Oneill,270-98-7617,"4830 Crystal Plaza Apt. 734
Maryside, HI 54461",Y,miles
980,Tyler Walls,523-28-6690,"657 Bush Court
Myerston, PA 48790",Y,hours
981,Emily Walker,014-43-9171,"Unit 0215 Box 4587
DPO AE 48493",Y,miles
982,Natalie Velazquez,723-87-0499,"95887 Dakota Wall Suite 204
Lake Wesleyfurt, AL 34607",Y,hours
983,Carrie Chavez,787-04-5055,"38190 Dustin Square
South Anna, WA 77217",N,hours
984,Christopher Mitchell,342-63-9339,"842 Roberts Village
Lopezmouth, NM 20616",Y,miles
985,Cynthia Wilson,182-63-1844,"550 Cruz Shoals
East Charlesborough, WV 41943",N,miles
986,Dennis Dawson,405-99-4073,"578 Charles Spring Suite 452
New Douglasbury, FM 28158",N,miles
987,Danielle Williams,050-45-5176,"5962 Craig Drive
East Jermaineview, UT 10243",Y,miles
988,Amber Olson,184-73-7654,"404 Deborah Crossing
Michellechester, ID 22059",N,hours
989,Colleen Blair,487-16-1264,"249 Gibson Inlet Apt. 603
Jasonshire, KY 26990",N,hours
990,Wayne Stone,728-14-6090,"2618 Brian Cove
New Cameronfort, SD 34577",N,hours
991,Alexander Cantrell,851-70-3941,"9976 David Path Suite 899
Berghaven, OR 93534",Y,miles
992,Jennifer Adams,327-94-8327,"Unit 4023 Box 4994
DPO AE 70126",Y,hours
993,Michael Walsh,561-26-4970,"0613 Matthew Ranch
Lake Joshuafurt, PA 46052",Y,hours
994,Alex Perez,233-11-4551,"Unit 3447 Box 4687
DPO AA 26445",Y,hours
995,Robin Peterson,150-46-0247,"981 Ashley Inlet
South Carlosfurt, NH 79107",Y,hours
996,Matthew Long,740-66-6913,"9855 Ewing Causeway
Hawkinsport, IN 53061",Y,miles
997,Kimberly Moore,442-12-8878,"7302 Mejia Keys
Keithshire, RI 41389",N,miles
998,Melissa Wiggins,486-80-3179,"3718 Morse Burg
Gonzalesmouth, OR 26071",Y,hours
999,Cesar Reeves,504-29-2512,"393 Maureen Springs Apt. 008
Lynchfurt, MH 59840",Y,miles
1000,William Bradley MD,339-88-5554,"89898 Williams Drive Apt. 900
Jeremyview, AK 44982",Y,miles
1001,Theodore Smith,236-77-4593,"023 Sellers Wall Apt. 031
Lake Sabrinaborough, MT 36340",N,miles
1002,Paul Miller,830-53-7078,"771 Mcgrath Knoll
New Roger, MS 49365",N,hours
1003,Mitchell Medina,497-25-1175,"27646 Rodney Plaza Apt. 408
South Kennethland, VI 35167",Y,miles
1004,Mark Hill,317-08-5569,"358 Morgan Bypass Suite 416
Port Jennifer, GA 73279",N,hours
1005,Denise Walton,576-52-5067,"19960 Robert Isle Apt. 483
New Glennberg, MP 25750",N,miles
1006,Kimberly Silva,201-34-7756,"00143 Jennifer Ford Suite 404
Jessicaland, ME 45920",N,hours
1007,Sheila Carson,657-29-7208,"061 Annette Forges
Romeroburgh, MN 22431",Y,miles
1008,Amy Werner,343-39-9278,"76388 Natasha Mountain Apt. 538
Lake Amy, KY 75316",N,hours
1009,Kevin Johnson,090-90-8711,"7942 Gina Tunnel
Lake Carlyhaven, DE 79326",N,miles
